,number,name,type,ability,hidden_ability,gender_ratio,hatch_cycle,Base_Experience_Yield,height,weight,leveling_rate,color,base_friendship,category
1,#0001,Bulbasaur,"('Grass', 'Poison')",Overgrow,Chlorophyll,"87.5% male, 12.5% female",20cycles,64,0.7 m,6.9 kg,Medium Slow,Green,70,Seed Pokémon
2,#0002,Ivysaur,"('Grass', 'Poison')",Overgrow,Chlorophyll,"87.5% male, 12.5% female",20cycles,142,1.0 m,13.0 kg,Medium Slow,Green,70,Seed Pokémon
3,#0003,Venusaur,"('Grass', 'Poison')","('Overgrow', 'Chlorophyll')",Thick Fat,"87.5% male, 12.5% female",20cycles,236,2.0 m,100.0 kg,Medium Slow,Green,70,Seed Pokémon
4,#0004,Charmander,"('Fire', 'Unknown')",Blaze,Solar Power,"87.5% male, 12.5% female",20cycles,62,0.6 m,8.5 kg,Medium Slow,Red,70,Lizard Pokémon
5,#0005,Charmeleon,"('Fire', 'Unknown')",Blaze,Solar Power,"87.5% male, 12.5% female",20cycles,142,1.1 m,19.0 kg,Medium Slow,Red,70,Flame Pokémon
6,#0006,Charizard,"('Fire', 'Flying')",,,"87.5% male, 12.5% female",20cycles,240,1.7 m,90.5 kg,Medium Slow,Red,70,Flame Pokémon
7,#0007,Squirtle,"('Water', 'Unknown')",Torrent,Rain Dish,"87.5% male, 12.5% female",20cycles,63,0.5 m,9.0 kg,Medium Slow,Blue,70,Tiny Turtle Pokémon
8,#0008,Wartortle,"('Water', 'Unknown')",Torrent,Rain Dish,"87.5% male, 12.5% female",20cycles,142,1.0 m,22.5 kg,Medium Slow,Blue,70,Turtle Pokémon
9,#0009,Blastoise,"('Water', 'Unknown')","('Torrent', 'Rain Dish')",Mega Launcher,"87.5% male, 12.5% female",20cycles,239,1.6 m,85.5 kg,Medium Slow,Blue,70,Shellfish Pokémon
10,#0010,Caterpie,"('Bug', 'Unknown')",Shield Dust,Run Away,"50% male, 50% female",15cycles,39,0.3 m,2.9 kg,Medium Fast,Green,70,Worm Pokémon
11,#0011,Metapod,"('Bug', 'Unknown')",Ability,Shed Skin,"50% male, 50% female",15cycles,72,0.7 m,9.9 kg,Medium Fast,Green,70,Cocoon Pokémon
12,#0012,Butterfree,"('Bug', 'Flying')",Compound Eyes,Tinted Lens,"50% male, 50% female",15cycles,178,1.1 m,32.0 kg,Medium Fast,White,70,Butterfly Pokémon
13,#0013,Weedle,"('Bug', 'Poison')",Shield Dust,Run Away,"50% male, 50% female",15cycles,39,0.3 m,3.2 kg,Medium Fast,Brown,70,Hairy Bug Pokémon
14,#0014,Kakuna,"('Bug', 'Poison')",Ability,Shed Skin,"50% male, 50% female",15cycles,72,0.6 m,10.0 kg,Medium Fast,Yellow,70,Cocoon Pokémon
15,#0015,Beedrill,"('Bug', 'Poison')","('Swarm', 'Sniper')",Adaptability,"50% male, 50% female",15cycles,178,1.0 m,29.5 kg,Medium Fast,Yellow,70,Poison Bee Pokémon
16,#0016,Pidgey,"('Normal', 'Flying')","('Keen Eye', 'Tangled Feet')",Big Pecks,"50% male, 50% female",15cycles,50,0.3 m,1.8 kg,Medium Slow,Brown,70,Tiny Bird Pokémon
17,#0017,Pidgeotto,"('Normal', 'Flying')","('Keen Eye', 'Tangled Feet')",Big Pecks,"50% male, 50% female",15cycles,122,1.1 m,30.0 kg,Medium Slow,Brown,70,Bird Pokémon
18,#0018,Pidgeot,"('Normal', 'Flying')","('Keen Eye', 'Tangled Feet')",Big Pecks,"50% male, 50% female",15cycles,216,1.5 m,39.5 kg,Medium Slow,Brown,70,Bird Pokémon
19,#0019,Rattata,"('Normal', 'Unknown')","('Run Away', 'Guts')",Hustle,"50% male, 50% female",15cycles,51,0.3 m,3.5 kg,Medium Fast,Purple,70,Mouse Pokémon
20,#0020,Raticate,"('Normal', 'Unknown')","('Run Away', 'Guts')",Hustle,"50% male, 50% female",15cycles,145,0.7 m,18.5 kg,Medium Fast,Brown,70,Mouse Pokémon
21,#0021,Spearow,"('Normal', 'Flying')",Keen Eye,Sniper,"50% male, 50% female",15cycles,52,0.3 m,2.0 kg,Medium Fast,Brown,70,Tiny Bird Pokémon
22,#0022,Fearow,"('Normal', 'Flying')",Keen Eye,Sniper,"50% male, 50% female",15cycles,155,1.2 m,38.0 kg,Medium Fast,Brown,70,Beak Pokémon
23,#0023,Ekans,"('Poison', 'Unknown')","('Intimidate', 'Shed Skin')",Unnerve,"50% male, 50% female",20cycles,58,2.0 m,6.9 kg,Medium Fast,Purple,70,Snake Pokémon
24,#0024,Arbok,"('Poison', 'Unknown')","('Intimidate', 'Shed Skin')",Unnerve,"50% male, 50% female",20cycles,157,3.5 m,65.0 kg,Medium Fast,Purple,70,Cobra Pokémon
25,#0025,Pikachu,"('Electric', 'Unknown')",Static,Lightning Rod,"50% male, 50% female",10cycles,112,0.4 m,6.0 kg,Medium Fast,Yellow,70,Mouse Pokémon
26,#0026,Raichu,"('Electric', 'Unknown')",Static,Lightning Rod,"50% male, 50% female",10cycles,218,0.8 m,30.0 kg,Medium Fast,Yellow,70,Mouse Pokémon
27,#0027,Sandshrew,"('Ground', 'Unknown')",Sand Veil,Sand Rush,"50% male, 50% female",20cycles,60,0.6 m,12.0 kg,Medium Fast,Yellow,70,Mouse Pokémon
28,#0028,Sandslash,"('Ground', 'Unknown')",Sand Veil,Sand Rush,"50% male, 50% female",20cycles,158,1.0 m,29.5 kg,Medium Fast,Yellow,70,Mouse Pokémon
29,#0029,Nidoran♀,"('Poison', 'Unknown')","('Poison Point', 'Rivalry')",Hustle,100% female,20cycles,55,0.4 m,7.0 kg,Medium Slow,Blue,70,Poison Pin Pokémon
30,#0030,Nidorina,"('Poison', 'Unknown')","('Poison Point', 'Rivalry')",Hustle,100% female,20cycles,128,0.8 m,20.0 kg,Medium Slow,Blue,70,Poison Pin Pokémon
31,#0031,Nidoqueen,"('Poison', 'Ground')","('Poison Point', 'Rivalry')",Sheer Force,100% female,20cycles,227,1.3 m,60.0 kg,Medium Slow,Blue,70,Drill Pokémon
32,#0032,Nidoran♂,"('Poison', 'Unknown')","('Poison Point', 'Rivalry')",Hustle,100% male,20cycles,55,0.5 m,9.0 kg,Medium Slow,Purple,70,Poison Pin Pokémon
33,#0033,Nidorino,"('Poison', 'Unknown')","('Poison Point', 'Rivalry')",Hustle,100% male,20cycles,128,0.9 m,19.5 kg,Medium Slow,Purple,70,Poison Pin Pokémon
34,#0034,Nidoking,"('Poison', 'Ground')","('Poison Point', 'Rivalry')",Sheer Force,100% male,20cycles,227,1.4 m,62.0 kg,Medium Slow,Purple,70,Drill Pokémon
35,#0035,Clefairy,"('Fairy', 'Unknown')","('Cute Charm', 'Magic Guard')",Friend Guard,"25% male, 75% female",10cycles,113,0.6 m,7.5 kg,Fast,Pink,140,Fairy Pokémon
36,#0036,Clefable,"('Fairy', 'Unknown')","('Cute Charm', 'Magic Guard')",Unaware,"25% male, 75% female",10cycles,217,1.3 m,40.0 kg,Fast,Pink,140,Fairy Pokémon
37,#0037,Vulpix,"('Fire', 'Unknown')",Flash Fire,Drought,"25% male, 75% female",20cycles,60,0.6 m,9.9 kg,Medium Fast,Brown,70,Fox Pokémon
38,#0038,Ninetales,"('Fire', 'Unknown')",Flash Fire,Drought,"25% male, 75% female",20cycles,177,1.1 m,19.9 kg,Medium Fast,Yellow,70,Fox Pokémon
39,#0039,Jigglypuff,"('Normal', 'Fairy')","('Cute Charm', 'Competitive')",Friend Guard,"25% male, 75% female",10cycles,95,0.5 m,5.5 kg,Fast,Pink,70,Balloon Pokémon
40,#0040,Wigglytuff,"('Normal', 'Fairy')","('Cute Charm', 'Competitive')",Frisk,"25% male, 75% female",10cycles,196,1.0 m,12.0 kg,Fast,Pink,70,Balloon Pokémon
41,#0041,Zubat,"('Poison', 'Flying')",Inner Focus,Infiltrator,"50% male, 50% female",15cycles,49,0.8 m,7.5 kg,Medium Fast,Purple,70,Bat Pokémon
42,#0042,Golbat,"('Poison', 'Flying')",Inner Focus,Infiltrator,"50% male, 50% female",15cycles,159,1.6 m,55.0 kg,Medium Fast,Purple,70,Bat Pokémon
43,#0043,Oddish,"('Grass', 'Poison')",Chlorophyll,Run Away,"50% male, 50% female",20cycles,64,0.5 m,5.4 kg,Medium Slow,Blue,70,Weed Pokémon
44,#0044,Gloom,"('Grass', 'Poison')",Chlorophyll,Stench,"50% male, 50% female",20cycles,138,0.8 m,8.6 kg,Medium Slow,Blue,70,Weed Pokémon
45,#0045,Vileplume,"('Grass', 'Poison')",Chlorophyll,Effect Spore,"50% male, 50% female",20cycles,221,1.2 m,18.6 kg,Medium Slow,Red,70,Flower Pokémon
46,#0046,Paras,"('Bug', 'Grass')","('Effect Spore', 'Dry Skin')",Damp,"50% male, 50% female",20cycles,57,0.3 m,5.4 kg,Medium Fast,Red,70,Mushroom Pokémon
47,#0047,Parasect,"('Bug', 'Grass')","('Effect Spore', 'Dry Skin')",Damp,"50% male, 50% female",20cycles,142,1.0 m,29.5 kg,Medium Fast,Red,70,Mushroom Pokémon
48,#0048,Venonat,"('Bug', 'Poison')","('Compound Eyes', 'Tinted Lens')",Run Away,"50% male, 50% female",20cycles,61,1.0 m,30.0 kg,Medium Fast,Purple,70,Insect Pokémon
49,#0049,Venomoth,"('Bug', 'Poison')","('Shield Dust', 'Tinted Lens')",Wonder Skin,"50% male, 50% female",20cycles,158,1.5 m,12.5 kg,Medium Fast,Purple,70,Poison Moth Pokémon
50,#0050,Diglett,"('Ground', 'Unknown')","('Sand Veil', 'Arena Trap')",Sand Force,"50% male, 50% female",20cycles,53,0.2 m,0.8 kg,Medium Fast,Brown,70,Mole Pokémon
51,#0051,Dugtrio,"('Ground', 'Unknown')","('Sand Veil', 'Arena Trap')",Sand Force,"50% male, 50% female",20cycles,149,0.7 m,33.3 kg,Medium Fast,Brown,70,Mole Pokémon
52,#0052,Meowth,"('Normal', 'Unknown')","('Pickup', 'Technician')",Unnerve,"50% male, 50% female",20cycles,58,0.4 m,4.2 kg,Medium Fast,Yellow,70,Scratch Cat Pokémon
53,#0053,Persian,"('Normal', 'Unknown')","('Limber', 'Technician')",Unnerve,"50% male, 50% female",20cycles,154,1.0 m,32.0 kg,Medium Fast,Yellow,70,Classy Cat Pokémon
54,#0054,Psyduck,"('Water', 'Unknown')","('Damp', 'Cloud Nine')",Swift Swim,"50% male, 50% female",20cycles,64,0.8 m,19.6 kg,Medium Fast,Yellow,70,Duck Pokémon
55,#0055,Golduck,"('Water', 'Unknown')","('Damp', 'Cloud Nine')",Swift Swim,"50% male, 50% female",20cycles,175,1.7 m,76.6 kg,Medium Fast,Blue,70,Duck Pokémon
56,#0056,Mankey,"('Fighting', 'Unknown')","('Vital Spirit', 'Anger Point')",Defiant,"50% male, 50% female",20cycles,61,0.5 m,28.0 kg,Medium Fast,Brown,70,Pig Monkey Pokémon
57,#0057,Primeape,"('Fighting', 'Unknown')","('Vital Spirit', 'Anger Point')",Defiant,"50% male, 50% female",20cycles,159,1.0 m,32.0 kg,Medium Fast,Brown,70,Pig Monkey Pokémon
58,#0058,Growlithe,"('Fire', 'Unknown')","('Intimidate', 'Flash Fire')",Justified,"75% male, 25% female",20cycles,70,0.7 m,19.0 kg,Slow,Brown,70,Puppy PokémonScout Pokémon
59,#0059,Arcanine,"('Fire', 'Unknown')","('Intimidate', 'Flash Fire')",Justified,"75% male, 25% female",20cycles,194,1.9 m,155.0 kg,Slow,Brown,70,Legendary Pokémon
60,#0060,Poliwag,"('Water', 'Unknown')","('Water Absorb', 'Damp')",Swift Swim,"50% male, 50% female",20cycles,60,0.6 m,12.4 kg,Medium Slow,Blue,70,Tadpole Pokémon
61,#0061,Poliwhirl,"('Water', 'Unknown')","('Water Absorb', 'Damp')",Swift Swim,"50% male, 50% female",20cycles,135,1.0 m,20.0 kg,Medium Slow,Blue,70,Tadpole Pokémon
62,#0062,Poliwrath,"('Water', 'Fighting')","('Water Absorb', 'Damp')",Swift Swim,"50% male, 50% female",20cycles,230,1.3 m,54.0 kg,Medium Slow,Blue,70,Tadpole Pokémon
63,#0063,Abra,"('Psychic', 'Unknown')","('Synchronize', 'Inner Focus')",Magic Guard,"75% male, 25% female",20cycles,62,0.9 m,19.5 kg,Medium Slow,Brown,70,Psi Pokémon
64,#0064,Kadabra,"('Psychic', 'Unknown')","('Synchronize', 'Inner Focus')",Magic Guard,"75% male, 25% female",20cycles,140,1.3 m,56.5 kg,Medium Slow,Brown,70,Psi Pokémon
65,#0065,Alakazam,"('Psychic', 'Unknown')","('Synchronize', 'Inner Focus')",Magic Guard,"75% male, 25% female",20cycles,225,1.5 m,48.0 kg,Medium Slow,Brown,70,Psi Pokémon
66,#0066,Machop,"('Fighting', 'Unknown')","('Guts', 'No Guard')",Steadfast,"75% male, 25% female",20cycles,61,0.8 m,19.5 kg,Medium Slow,Gray,70,Superpower Pokémon
67,#0067,Machoke,"('Fighting', 'Unknown')","('Guts', 'No Guard')",Steadfast,"75% male, 25% female",20cycles,142,1.5 m,70.5 kg,Medium Slow,Gray,70,Superpower Pokémon
68,#0068,Machamp,"('Fighting', 'Unknown')","('Guts', 'No Guard')",Steadfast,"75% male, 25% female",20cycles,227,1.6 m,130.0 kg,Medium Slow,Gray,70,Superpower Pokémon
69,#0069,Bellsprout,"('Grass', 'Poison')",Chlorophyll,Gluttony,"50% male, 50% female",20cycles,60,0.7 m,4.0 kg,Medium Slow,Green,70,Flower Pokémon
70,#0070,Weepinbell,"('Grass', 'Poison')",Chlorophyll,Gluttony,"50% male, 50% female",20cycles,137,1.0 m,6.4 kg,Medium Slow,Green,70,Flycatcher Pokémon
71,#0071,Victreebel,"('Grass', 'Poison')",Chlorophyll,Gluttony,"50% male, 50% female",20cycles,221,1.7 m,15.5 kg,Medium Slow,Green,70,Flycatcher Pokémon
72,#0072,Tentacool,"('Water', 'Poison')","('Clear Body', 'Liquid Ooze')",Rain Dish,"50% male, 50% female",20cycles,67,0.9 m,45.5 kg,Slow,Blue,70,Jellyfish Pokémon
73,#0073,Tentacruel,"('Water', 'Poison')","('Clear Body', 'Liquid Ooze')",Rain Dish,"50% male, 50% female",20cycles,180,1.6 m,55.0 kg,Slow,Blue,70,Jellyfish Pokémon
74,#0074,Geodude,"('Rock', 'Ground')","('Rock Head', 'Sturdy')",Sand Veil,"50% male, 50% female",15cycles,60,0.4 m,20.0 kg,Medium Slow,Brown,70,Rock Pokémon
75,#0075,Graveler,"('Rock', 'Ground')","('Rock Head', 'Sturdy')",Sand Veil,"50% male, 50% female",15cycles,137,1.0 m,105.0 kg,Medium Slow,Brown,70,Rock Pokémon
76,#0076,Golem,"('Rock', 'Ground')","('Rock Head', 'Sturdy')",Sand Veil,"50% male, 50% female",15cycles,223,1.4 m,300.0 kg,Medium Slow,Brown,70,Megaton Pokémon
77,#0077,Ponyta,"('Fire', 'Unknown')","('Run Away', 'Flash Fire')",Flame Body,"50% male, 50% female",20cycles,82,1.0 m,30.0 kg,Medium Fast,Yellow,70,Fire Horse And Unique Horn Pokémon
78,#0078,Rapidash,"('Fire', 'Unknown')","('Run Away', 'Flash Fire')",Flame Body,"50% male, 50% female",20cycles,175,1.7 m,95.0 kg,Medium Fast,Yellow,70,Fire Horse And Unique Horn Pokémon
79,#0079,Slowpoke,"('Water', 'Psychic')","('Oblivious', 'Own Tempo')",Regenerator,"50% male, 50% female",20cycles,63,1.2 m,36.0 kg,Medium Fast,Pink,70,Dopey Pokémon
80,#0080,Slowbro,"('Water', 'Psychic')","('Oblivious', 'Own Tempo')",Regenerator,"50% male, 50% female",20cycles,172,1.6 m,78.5 kg,Medium Fast,Pink,70,Hermit Crab Pokémon
81,#0081,Magnemite,"('Electric', 'Steel')","('Magnet Pull', 'Sturdy')",Analytic,Gender unknown,20cycles,65,0.3 m,6.0 kg,Medium Fast,Gray,70,Magnet Pokémon
82,#0082,Magneton,"('Electric', 'Steel')","('Magnet Pull', 'Sturdy')",Analytic,Gender unknown,20cycles,163,1.0 m,60.0 kg,Medium Fast,Gray,70,Magnet Pokémon
83,#0083,Farfetch'd,"('Normal', 'Flying')",,,"50% male, 50% female",20cycles,132,0.8 m,15.0 kg,Medium Fast,Brown,70,Wild Duck Pokémon
84,#0084,Doduo,"('Normal', 'Flying')","('Run Away', 'Early Bird')",Tangled Feet,"50% male, 50% female",20cycles,62,1.4 m,39.2 kg,Medium Fast,Brown,70,Twin Bird Pokémon
85,#0085,Dodrio,"('Normal', 'Flying')","('Run Away', 'Early Bird')",Tangled Feet,"50% male, 50% female",20cycles,165,1.8 m,85.2 kg,Medium Fast,Brown,70,Triple Bird Pokémon
86,#0086,Seel,"('Water', 'Unknown')","('Thick Fat', 'Hydration')",Ice Body,"50% male, 50% female",20cycles,65,1.1 m,90.0 kg,Medium Fast,White,70,Sea Lion Pokémon
87,#0087,Dewgong,"('Water', 'Ice')","('Thick Fat', 'Hydration')",Ice Body,"50% male, 50% female",20cycles,166,1.7 m,120.0 kg,Medium Fast,White,70,Sea Lion Pokémon
88,#0088,Grimer,"('Poison', 'Unknown')","('Stench', 'Sticky Hold')",Poison Touch,"50% male, 50% female",20cycles,65,0.9 m,30.0 kg,Medium Fast,Purple,70,Sludge Pokémon
89,#0089,Muk,"('Poison', 'Unknown')","('Stench', 'Sticky Hold')",Poison Touch,"50% male, 50% female",20cycles,175,1.2 m,30.0 kg,Medium Fast,Purple,70,Sludge Pokémon
90,#0090,Shellder,"('Water', 'Unknown')","('Shell Armor', 'Skill Link')",Overcoat,"50% male, 50% female",20cycles,61,0.3 m,4.0 kg,Slow,Purple,70,Bivalve Pokémon
91,#0091,Cloyster,"('Water', 'Ice')","('Shell Armor', 'Skill Link')",Overcoat,"50% male, 50% female",20cycles,184,1.5 m,132.5 kg,Slow,Purple,70,Bivalve Pokémon
92,#0092,Gastly,"('Ghost', 'Poison')",Levitate,,"50% male, 50% female",20cycles,62,1.3 m,0.1 kg,Medium Slow,Purple,70,Gas Pokémon
93,#0093,Haunter,"('Ghost', 'Poison')",Levitate,,"50% male, 50% female",20cycles,142,1.6 m,0.1 kg,Medium Slow,Purple,70,Gas Pokémon
94,#0094,Gengar,"('Ghost', 'Poison')",Cursed Body,Levitate,"50% male, 50% female",20cycles,225,1.5 m,40.5 kg,Medium Slow,Purple,70,Shadow Pokémon
95,#0095,Onix,"('Rock', 'Ground')","('Rock Head', 'Sturdy')",Weak Armor,"50% male, 50% female",25cycles,77,8.8 m,210.0 kg,Medium Fast,Gray,70,Rock Snake Pokémon
96,#0096,Drowzee,"('Psychic', 'Unknown')","('Insomnia', 'Forewarn')",Inner Focus,"50% male, 50% female",20cycles,66,1.0 m,32.4 kg,Medium Fast,Yellow,70,Hypnosis Pokémon
97,#0097,Hypno,"('Psychic', 'Unknown')","('Insomnia', 'Forewarn')",Inner Focus,"50% male, 50% female",20cycles,169,1.6 m,75.6 kg,Medium Fast,Yellow,70,Hypnosis Pokémon
98,#0098,Krabby,"('Water', 'Unknown')","('Hyper Cutter', 'Shell Armor')",Sheer Force,"50% male, 50% female",20cycles,65,0.4 m,6.5 kg,Medium Fast,Red,70,River Crab Pokémon
99,#0099,Kingler,"('Water', 'Unknown')","('Hyper Cutter', 'Shell Armor')",Sheer Force,"50% male, 50% female",20cycles,166,1.3 m,60.0 kg,Medium Fast,Red,70,Pincer Pokémon
100,#0100,Voltorb,"('Electric', 'Unknown')","('Soundproof', 'Static')",Aftermath,Gender unknown,20cycles,66,0.5 m,10.4 kg,Medium Fast,Red,70,Ball PokémonSphere Pokémon
101,#0101,Electrode,"('Electric', 'Unknown')","('Soundproof', 'Static')",Aftermath,Gender unknown,20cycles,172,1.2 m,66.6 kg,Medium Fast,Red,70,Ball PokémonSphere Pokémon
102,,,,,,,,,,,,,,
103,,,,,,,,,,,,,,
104,,,,,,,,,,,,,,
105,,,,,,,,,,,,,,
106,,,,,,,,,,,,,,
107,,,,,,,,,,,,,,
108,,,,,,,,,,,,,,
109,,,,,,,,,,,,,,
110,,,,,,,,,,,,,,
111,,,,,,,,,,,,,,
112,,,,,,,,,,,,,,
113,,,,,,,,,,,,,,
114,,,,,,,,,,,,,,
115,,,,,,,,,,,,,,
116,,,,,,,,,,,,,,
117,,,,,,,,,,,,,,
118,,,,,,,,,,,,,,
119,,,,,,,,,,,,,,
120,,,,,,,,,,,,,,
121,,,,,,,,,,,,,,
122,,,,,,,,,,,,,,
123,,,,,,,,,,,,,,
124,,,,,,,,,,,,,,
125,,,,,,,,,,,,,,
126,,,,,,,,,,,,,,
127,,,,,,,,,,,,,,
128,,,,,,,,,,,,,,
129,,,,,,,,,,,,,,
130,,,,,,,,,,,,,,
131,,,,,,,,,,,,,,
132,,,,,,,,,,,,,,
133,,,,,,,,,,,,,,
134,,,,,,,,,,,,,,
135,,,,,,,,,,,,,,
136,,,,,,,,,,,,,,
137,,,,,,,,,,,,,,
138,,,,,,,,,,,,,,
139,,,,,,,,,,,,,,
140,,,,,,,,,,,,,,
141,,,,,,,,,,,,,,
142,,,,,,,,,,,,,,
143,,,,,,,,,,,,,,
144,,,,,,,,,,,,,,
145,,,,,,,,,,,,,,
146,,,,,,,,,,,,,,
147,,,,,,,,,,,,,,
148,,,,,,,,,,,,,,
149,,,,,,,,,,,,,,
150,,,,,,,,,,,,,,
151,,,,,,,,,,,,,,
152,,,,,,,,,,,,,,
153,,,,,,,,,,,,,,
154,,,,,,,,,,,,,,
155,,,,,,,,,,,,,,
156,,,,,,,,,,,,,,
157,,,,,,,,,,,,,,
158,,,,,,,,,,,,,,
159,,,,,,,,,,,,,,
160,,,,,,,,,,,,,,
161,,,,,,,,,,,,,,
162,,,,,,,,,,,,,,
163,,,,,,,,,,,,,,
164,,,,,,,,,,,,,,
165,,,,,,,,,,,,,,
166,,,,,,,,,,,,,,
167,,,,,,,,,,,,,,
168,,,,,,,,,,,,,,
169,,,,,,,,,,,,,,
170,,,,,,,,,,,,,,
171,,,,,,,,,,,,,,
172,,,,,,,,,,,,,,
173,,,,,,,,,,,,,,
174,,,,,,,,,,,,,,
175,,,,,,,,,,,,,,
176,,,,,,,,,,,,,,
177,,,,,,,,,,,,,,
178,,,,,,,,,,,,,,
179,,,,,,,,,,,,,,
180,,,,,,,,,,,,,,
181,,,,,,,,,,,,,,
182,,,,,,,,,,,,,,
183,,,,,,,,,,,,,,
184,,,,,,,,,,,,,,
185,,,,,,,,,,,,,,
186,,,,,,,,,,,,,,
187,,,,,,,,,,,,,,
188,,,,,,,,,,,,,,
189,,,,,,,,,,,,,,
190,,,,,,,,,,,,,,
191,,,,,,,,,,,,,,
192,,,,,,,,,,,,,,
193,,,,,,,,,,,,,,
194,,,,,,,,,,,,,,
195,,,,,,,,,,,,,,
196,,,,,,,,,,,,,,
197,,,,,,,,,,,,,,
198,,,,,,,,,,,,,,
199,,,,,,,,,,,,,,
200,,,,,,,,,,,,,,
201,,,,,,,,,,,,,,
202,,,,,,,,,,,,,,
203,,,,,,,,,,,,,,
204,,,,,,,,,,,,,,
205,,,,,,,,,,,,,,
206,,,,,,,,,,,,,,
207,,,,,,,,,,,,,,
208,,,,,,,,,,,,,,
209,,,,,,,,,,,,,,
210,,,,,,,,,,,,,,
211,,,,,,,,,,,,,,
212,,,,,,,,,,,,,,
213,,,,,,,,,,,,,,
214,,,,,,,,,,,,,,
215,,,,,,,,,,,,,,
216,,,,,,,,,,,,,,
217,,,,,,,,,,,,,,
218,,,,,,,,,,,,,,
219,,,,,,,,,,,,,,
220,,,,,,,,,,,,,,
221,,,,,,,,,,,,,,
222,,,,,,,,,,,,,,
223,,,,,,,,,,,,,,
224,,,,,,,,,,,,,,
225,,,,,,,,,,,,,,
226,,,,,,,,,,,,,,
227,,,,,,,,,,,,,,
228,,,,,,,,,,,,,,
229,,,,,,,,,,,,,,
230,,,,,,,,,,,,,,
231,,,,,,,,,,,,,,
232,,,,,,,,,,,,,,
233,,,,,,,,,,,,,,
234,,,,,,,,,,,,,,
235,,,,,,,,,,,,,,
236,,,,,,,,,,,,,,
237,,,,,,,,,,,,,,
238,,,,,,,,,,,,,,
239,,,,,,,,,,,,,,
240,,,,,,,,,,,,,,
241,,,,,,,,,,,,,,
242,,,,,,,,,,,,,,
243,,,,,,,,,,,,,,
244,,,,,,,,,,,,,,
245,,,,,,,,,,,,,,
246,,,,,,,,,,,,,,
247,,,,,,,,,,,,,,
248,,,,,,,,,,,,,,
249,,,,,,,,,,,,,,
250,,,,,,,,,,,,,,
251,,,,,,,,,,,,,,
252,,,,,,,,,,,,,,
253,,,,,,,,,,,,,,
254,,,,,,,,,,,,,,
255,,,,,,,,,,,,,,
256,,,,,,,,,,,,,,
257,,,,,,,,,,,,,,
258,,,,,,,,,,,,,,
259,,,,,,,,,,,,,,
260,,,,,,,,,,,,,,
261,,,,,,,,,,,,,,
262,,,,,,,,,,,,,,
263,,,,,,,,,,,,,,
264,,,,,,,,,,,,,,
265,,,,,,,,,,,,,,
266,,,,,,,,,,,,,,
267,,,,,,,,,,,,,,
268,,,,,,,,,,,,,,
269,,,,,,,,,,,,,,
270,,,,,,,,,,,,,,
271,,,,,,,,,,,,,,
272,,,,,,,,,,,,,,
273,,,,,,,,,,,,,,
274,,,,,,,,,,,,,,
275,,,,,,,,,,,,,,
276,,,,,,,,,,,,,,
277,,,,,,,,,,,,,,
278,,,,,,,,,,,,,,
279,,,,,,,,,,,,,,
280,,,,,,,,,,,,,,
281,,,,,,,,,,,,,,
282,,,,,,,,,,,,,,
283,,,,,,,,,,,,,,
284,,,,,,,,,,,,,,
285,,,,,,,,,,,,,,
286,,,,,,,,,,,,,,
287,,,,,,,,,,,,,,
288,,,,,,,,,,,,,,
289,,,,,,,,,,,,,,
290,,,,,,,,,,,,,,
291,,,,,,,,,,,,,,
292,,,,,,,,,,,,,,
293,,,,,,,,,,,,,,
294,,,,,,,,,,,,,,
295,,,,,,,,,,,,,,
296,,,,,,,,,,,,,,
297,,,,,,,,,,,,,,
298,,,,,,,,,,,,,,
299,,,,,,,,,,,,,,
300,,,,,,,,,,,,,,
301,,,,,,,,,,,,,,
302,,,,,,,,,,,,,,
303,,,,,,,,,,,,,,
304,,,,,,,,,,,,,,
305,,,,,,,,,,,,,,
306,,,,,,,,,,,,,,
307,,,,,,,,,,,,,,
308,,,,,,,,,,,,,,
309,,,,,,,,,,,,,,
310,,,,,,,,,,,,,,
311,,,,,,,,,,,,,,
312,,,,,,,,,,,,,,
313,,,,,,,,,,,,,,
314,,,,,,,,,,,,,,
315,,,,,,,,,,,,,,
316,,,,,,,,,,,,,,
317,,,,,,,,,,,,,,
318,,,,,,,,,,,,,,
319,,,,,,,,,,,,,,
320,,,,,,,,,,,,,,
321,,,,,,,,,,,,,,
322,,,,,,,,,,,,,,
323,,,,,,,,,,,,,,
324,,,,,,,,,,,,,,
325,,,,,,,,,,,,,,
326,,,,,,,,,,,,,,
327,,,,,,,,,,,,,,
328,,,,,,,,,,,,,,
329,,,,,,,,,,,,,,
330,,,,,,,,,,,,,,
331,,,,,,,,,,,,,,
332,,,,,,,,,,,,,,
333,,,,,,,,,,,,,,
334,,,,,,,,,,,,,,
335,,,,,,,,,,,,,,
336,,,,,,,,,,,,,,
337,,,,,,,,,,,,,,
338,,,,,,,,,,,,,,
339,,,,,,,,,,,,,,
340,,,,,,,,,,,,,,
341,,,,,,,,,,,,,,
342,,,,,,,,,,,,,,
343,,,,,,,,,,,,,,
344,,,,,,,,,,,,,,
345,,,,,,,,,,,,,,
346,,,,,,,,,,,,,,
347,,,,,,,,,,,,,,
348,,,,,,,,,,,,,,
349,,,,,,,,,,,,,,
350,,,,,,,,,,,,,,
351,,,,,,,,,,,,,,
352,,,,,,,,,,,,,,
353,,,,,,,,,,,,,,
354,,,,,,,,,,,,,,
355,,,,,,,,,,,,,,
356,,,,,,,,,,,,,,
357,,,,,,,,,,,,,,
358,,,,,,,,,,,,,,
359,,,,,,,,,,,,,,
360,,,,,,,,,,,,,,
361,,,,,,,,,,,,,,
362,,,,,,,,,,,,,,
363,,,,,,,,,,,,,,
364,,,,,,,,,,,,,,
365,,,,,,,,,,,,,,
366,,,,,,,,,,,,,,
367,,,,,,,,,,,,,,
368,,,,,,,,,,,,,,
369,,,,,,,,,,,,,,
370,,,,,,,,,,,,,,
371,,,,,,,,,,,,,,
372,,,,,,,,,,,,,,
373,,,,,,,,,,,,,,
374,,,,,,,,,,,,,,
375,,,,,,,,,,,,,,
376,,,,,,,,,,,,,,
377,,,,,,,,,,,,,,
378,,,,,,,,,,,,,,
379,,,,,,,,,,,,,,
380,,,,,,,,,,,,,,
381,,,,,,,,,,,,,,
382,,,,,,,,,,,,,,
383,,,,,,,,,,,,,,
384,,,,,,,,,,,,,,
385,,,,,,,,,,,,,,
386,,,,,,,,,,,,,,
387,,,,,,,,,,,,,,
388,,,,,,,,,,,,,,
389,,,,,,,,,,,,,,
390,,,,,,,,,,,,,,
391,,,,,,,,,,,,,,
392,,,,,,,,,,,,,,
393,,,,,,,,,,,,,,
394,,,,,,,,,,,,,,
395,,,,,,,,,,,,,,
396,,,,,,,,,,,,,,
397,,,,,,,,,,,,,,
398,,,,,,,,,,,,,,
399,,,,,,,,,,,,,,
400,,,,,,,,,,,,,,
401,,,,,,,,,,,,,,
402,,,,,,,,,,,,,,
403,,,,,,,,,,,,,,
404,,,,,,,,,,,,,,
405,,,,,,,,,,,,,,
406,,,,,,,,,,,,,,
407,,,,,,,,,,,,,,
408,,,,,,,,,,,,,,
409,,,,,,,,,,,,,,
410,,,,,,,,,,,,,,
411,,,,,,,,,,,,,,
412,,,,,,,,,,,,,,
413,,,,,,,,,,,,,,
414,,,,,,,,,,,,,,
415,,,,,,,,,,,,,,
416,,,,,,,,,,,,,,
417,,,,,,,,,,,,,,
418,,,,,,,,,,,,,,
419,,,,,,,,,,,,,,
420,,,,,,,,,,,,,,
421,,,,,,,,,,,,,,
422,,,,,,,,,,,,,,
423,,,,,,,,,,,,,,
424,,,,,,,,,,,,,,
425,,,,,,,,,,,,,,
426,,,,,,,,,,,,,,
427,,,,,,,,,,,,,,
428,,,,,,,,,,,,,,
429,,,,,,,,,,,,,,
430,,,,,,,,,,,,,,
431,,,,,,,,,,,,,,
432,,,,,,,,,,,,,,
433,,,,,,,,,,,,,,
434,,,,,,,,,,,,,,
435,,,,,,,,,,,,,,
436,,,,,,,,,,,,,,
437,,,,,,,,,,,,,,
438,,,,,,,,,,,,,,
439,,,,,,,,,,,,,,
440,,,,,,,,,,,,,,
441,,,,,,,,,,,,,,
442,,,,,,,,,,,,,,
443,,,,,,,,,,,,,,
444,,,,,,,,,,,,,,
445,,,,,,,,,,,,,,
446,,,,,,,,,,,,,,
447,,,,,,,,,,,,,,
448,,,,,,,,,,,,,,
449,,,,,,,,,,,,,,
450,,,,,,,,,,,,,,
451,,,,,,,,,,,,,,
452,,,,,,,,,,,,,,
453,,,,,,,,,,,,,,
454,,,,,,,,,,,,,,
455,,,,,,,,,,,,,,
456,,,,,,,,,,,,,,
457,,,,,,,,,,,,,,
458,,,,,,,,,,,,,,
459,,,,,,,,,,,,,,
460,,,,,,,,,,,,,,
461,,,,,,,,,,,,,,
462,,,,,,,,,,,,,,
463,,,,,,,,,,,,,,
464,,,,,,,,,,,,,,
465,,,,,,,,,,,,,,
466,,,,,,,,,,,,,,
467,,,,,,,,,,,,,,
468,,,,,,,,,,,,,,
469,,,,,,,,,,,,,,
470,,,,,,,,,,,,,,
471,,,,,,,,,,,,,,
472,,,,,,,,,,,,,,
473,,,,,,,,,,,,,,
474,,,,,,,,,,,,,,
475,,,,,,,,,,,,,,
476,,,,,,,,,,,,,,
477,,,,,,,,,,,,,,
478,,,,,,,,,,,,,,
479,,,,,,,,,,,,,,
480,,,,,,,,,,,,,,
481,,,,,,,,,,,,,,
482,,,,,,,,,,,,,,
483,,,,,,,,,,,,,,
484,,,,,,,,,,,,,,
485,,,,,,,,,,,,,,
486,,,,,,,,,,,,,,
487,,,,,,,,,,,,,,
488,,,,,,,,,,,,,,
489,,,,,,,,,,,,,,
490,,,,,,,,,,,,,,
491,,,,,,,,,,,,,,
492,,,,,,,,,,,,,,
493,,,,,,,,,,,,,,
494,,,,,,,,,,,,,,
495,,,,,,,,,,,,,,
496,,,,,,,,,,,,,,
497,,,,,,,,,,,,,,
498,,,,,,,,,,,,,,
499,,,,,,,,,,,,,,
500,,,,,,,,,,,,,,
501,,,,,,,,,,,,,,
502,,,,,,,,,,,,,,
503,,,,,,,,,,,,,,
504,,,,,,,,,,,,,,
505,,,,,,,,,,,,,,
506,,,,,,,,,,,,,,
507,,,,,,,,,,,,,,
508,,,,,,,,,,,,,,
509,,,,,,,,,,,,,,
510,,,,,,,,,,,,,,
511,,,,,,,,,,,,,,
512,,,,,,,,,,,,,,
513,,,,,,,,,,,,,,
514,,,,,,,,,,,,,,
515,,,,,,,,,,,,,,
516,,,,,,,,,,,,,,
517,,,,,,,,,,,,,,
518,,,,,,,,,,,,,,
519,,,,,,,,,,,,,,
520,,,,,,,,,,,,,,
521,,,,,,,,,,,,,,
522,,,,,,,,,,,,,,
523,,,,,,,,,,,,,,
524,,,,,,,,,,,,,,
525,,,,,,,,,,,,,,
526,,,,,,,,,,,,,,
527,,,,,,,,,,,,,,
528,,,,,,,,,,,,,,
529,,,,,,,,,,,,,,
530,,,,,,,,,,,,,,
531,,,,,,,,,,,,,,
532,,,,,,,,,,,,,,
533,,,,,,,,,,,,,,
534,,,,,,,,,,,,,,
535,,,,,,,,,,,,,,
536,,,,,,,,,,,,,,
537,,,,,,,,,,,,,,
538,,,,,,,,,,,,,,
539,,,,,,,,,,,,,,
540,,,,,,,,,,,,,,
541,,,,,,,,,,,,,,
542,,,,,,,,,,,,,,
543,,,,,,,,,,,,,,
544,,,,,,,,,,,,,,
545,,,,,,,,,,,,,,
546,,,,,,,,,,,,,,
547,,,,,,,,,,,,,,
548,,,,,,,,,,,,,,
549,,,,,,,,,,,,,,
550,,,,,,,,,,,,,,
551,,,,,,,,,,,,,,
552,,,,,,,,,,,,,,
553,,,,,,,,,,,,,,
554,,,,,,,,,,,,,,
555,,,,,,,,,,,,,,
556,,,,,,,,,,,,,,
557,,,,,,,,,,,,,,
558,,,,,,,,,,,,,,
559,,,,,,,,,,,,,,
560,,,,,,,,,,,,,,
561,,,,,,,,,,,,,,
562,,,,,,,,,,,,,,
563,,,,,,,,,,,,,,
564,,,,,,,,,,,,,,
565,,,,,,,,,,,,,,
566,,,,,,,,,,,,,,
567,,,,,,,,,,,,,,
568,,,,,,,,,,,,,,
569,,,,,,,,,,,,,,
570,,,,,,,,,,,,,,
571,,,,,,,,,,,,,,
572,,,,,,,,,,,,,,
573,,,,,,,,,,,,,,
574,,,,,,,,,,,,,,
575,,,,,,,,,,,,,,
576,,,,,,,,,,,,,,
577,,,,,,,,,,,,,,
578,,,,,,,,,,,,,,
579,,,,,,,,,,,,,,
580,,,,,,,,,,,,,,
581,,,,,,,,,,,,,,
582,,,,,,,,,,,,,,
583,,,,,,,,,,,,,,
584,,,,,,,,,,,,,,
585,,,,,,,,,,,,,,
586,,,,,,,,,,,,,,
587,,,,,,,,,,,,,,
588,,,,,,,,,,,,,,
589,,,,,,,,,,,,,,
590,,,,,,,,,,,,,,
591,,,,,,,,,,,,,,
592,,,,,,,,,,,,,,
593,,,,,,,,,,,,,,
594,,,,,,,,,,,,,,
595,,,,,,,,,,,,,,
596,,,,,,,,,,,,,,
597,,,,,,,,,,,,,,
598,,,,,,,,,,,,,,
599,,,,,,,,,,,,,,
600,,,,,,,,,,,,,,
601,,,,,,,,,,,,,,
602,,,,,,,,,,,,,,
603,,,,,,,,,,,,,,
604,,,,,,,,,,,,,,
605,,,,,,,,,,,,,,
606,,,,,,,,,,,,,,
607,,,,,,,,,,,,,,
608,,,,,,,,,,,,,,
609,,,,,,,,,,,,,,
610,,,,,,,,,,,,,,
611,,,,,,,,,,,,,,
612,,,,,,,,,,,,,,
613,,,,,,,,,,,,,,
614,,,,,,,,,,,,,,
615,,,,,,,,,,,,,,
616,,,,,,,,,,,,,,
617,,,,,,,,,,,,,,
618,,,,,,,,,,,,,,
619,,,,,,,,,,,,,,
620,,,,,,,,,,,,,,
621,,,,,,,,,,,,,,
622,,,,,,,,,,,,,,
623,,,,,,,,,,,,,,
624,,,,,,,,,,,,,,
625,,,,,,,,,,,,,,
626,,,,,,,,,,,,,,
627,,,,,,,,,,,,,,
628,,,,,,,,,,,,,,
629,,,,,,,,,,,,,,
630,,,,,,,,,,,,,,
631,,,,,,,,,,,,,,
632,,,,,,,,,,,,,,
633,,,,,,,,,,,,,,
634,,,,,,,,,,,,,,
635,,,,,,,,,,,,,,
636,,,,,,,,,,,,,,
637,,,,,,,,,,,,,,
638,,,,,,,,,,,,,,
639,,,,,,,,,,,,,,
640,,,,,,,,,,,,,,
641,,,,,,,,,,,,,,
642,,,,,,,,,,,,,,
643,,,,,,,,,,,,,,
644,,,,,,,,,,,,,,
645,,,,,,,,,,,,,,
646,,,,,,,,,,,,,,
647,,,,,,,,,,,,,,
648,,,,,,,,,,,,,,
649,,,,,,,,,,,,,,
650,,,,,,,,,,,,,,
651,,,,,,,,,,,,,,
652,,,,,,,,,,,,,,
653,,,,,,,,,,,,,,
654,,,,,,,,,,,,,,
655,,,,,,,,,,,,,,
656,,,,,,,,,,,,,,
657,,,,,,,,,,,,,,
658,,,,,,,,,,,,,,
659,,,,,,,,,,,,,,
660,,,,,,,,,,,,,,
661,,,,,,,,,,,,,,
662,,,,,,,,,,,,,,
663,,,,,,,,,,,,,,
664,,,,,,,,,,,,,,
665,,,,,,,,,,,,,,
666,,,,,,,,,,,,,,
667,,,,,,,,,,,,,,
668,,,,,,,,,,,,,,
669,,,,,,,,,,,,,,
670,,,,,,,,,,,,,,
671,,,,,,,,,,,,,,
672,,,,,,,,,,,,,,
673,,,,,,,,,,,,,,
674,,,,,,,,,,,,,,
675,,,,,,,,,,,,,,
676,,,,,,,,,,,,,,
677,,,,,,,,,,,,,,
678,,,,,,,,,,,,,,
679,,,,,,,,,,,,,,
680,,,,,,,,,,,,,,
681,,,,,,,,,,,,,,
682,,,,,,,,,,,,,,
683,,,,,,,,,,,,,,
684,,,,,,,,,,,,,,
685,,,,,,,,,,,,,,
686,,,,,,,,,,,,,,
687,,,,,,,,,,,,,,
688,,,,,,,,,,,,,,
689,,,,,,,,,,,,,,
690,,,,,,,,,,,,,,
691,,,,,,,,,,,,,,
692,,,,,,,,,,,,,,
693,,,,,,,,,,,,,,
694,,,,,,,,,,,,,,
695,,,,,,,,,,,,,,
696,,,,,,,,,,,,,,
697,,,,,,,,,,,,,,
698,,,,,,,,,,,,,,
699,,,,,,,,,,,,,,
700,,,,,,,,,,,,,,
701,,,,,,,,,,,,,,
702,,,,,,,,,,,,,,
703,,,,,,,,,,,,,,
704,,,,,,,,,,,,,,
705,,,,,,,,,,,,,,
706,,,,,,,,,,,,,,
707,,,,,,,,,,,,,,
708,,,,,,,,,,,,,,
709,,,,,,,,,,,,,,
710,,,,,,,,,,,,,,
711,,,,,,,,,,,,,,
712,,,,,,,,,,,,,,
713,,,,,,,,,,,,,,
714,,,,,,,,,,,,,,
715,,,,,,,,,,,,,,
716,,,,,,,,,,,,,,
717,,,,,,,,,,,,,,
718,,,,,,,,,,,,,,
719,,,,,,,,,,,,,,
720,,,,,,,,,,,,,,
721,,,,,,,,,,,,,,
722,,,,,,,,,,,,,,
723,,,,,,,,,,,,,,
724,,,,,,,,,,,,,,
725,,,,,,,,,,,,,,
726,,,,,,,,,,,,,,
727,,,,,,,,,,,,,,
728,,,,,,,,,,,,,,
729,,,,,,,,,,,,,,
730,,,,,,,,,,,,,,
731,,,,,,,,,,,,,,
732,,,,,,,,,,,,,,
733,,,,,,,,,,,,,,
734,,,,,,,,,,,,,,
735,,,,,,,,,,,,,,
736,,,,,,,,,,,,,,
737,,,,,,,,,,,,,,
738,,,,,,,,,,,,,,
739,,,,,,,,,,,,,,
740,,,,,,,,,,,,,,
741,,,,,,,,,,,,,,
742,,,,,,,,,,,,,,
743,,,,,,,,,,,,,,
744,,,,,,,,,,,,,,
745,,,,,,,,,,,,,,
746,,,,,,,,,,,,,,
747,,,,,,,,,,,,,,
748,,,,,,,,,,,,,,
749,,,,,,,,,,,,,,
750,,,,,,,,,,,,,,
751,,,,,,,,,,,,,,
752,,,,,,,,,,,,,,
753,,,,,,,,,,,,,,
754,,,,,,,,,,,,,,
755,,,,,,,,,,,,,,
756,,,,,,,,,,,,,,
757,,,,,,,,,,,,,,
758,,,,,,,,,,,,,,
759,,,,,,,,,,,,,,
760,,,,,,,,,,,,,,
761,,,,,,,,,,,,,,
762,,,,,,,,,,,,,,
763,,,,,,,,,,,,,,
764,,,,,,,,,,,,,,
765,,,,,,,,,,,,,,
766,,,,,,,,,,,,,,
767,,,,,,,,,,,,,,
768,,,,,,,,,,,,,,
769,,,,,,,,,,,,,,
770,,,,,,,,,,,,,,
771,,,,,,,,,,,,,,
772,,,,,,,,,,,,,,
773,,,,,,,,,,,,,,
774,,,,,,,,,,,,,,
775,,,,,,,,,,,,,,
776,,,,,,,,,,,,,,
777,,,,,,,,,,,,,,
778,,,,,,,,,,,,,,
779,,,,,,,,,,,,,,
780,,,,,,,,,,,,,,
781,,,,,,,,,,,,,,
782,,,,,,,,,,,,,,
783,,,,,,,,,,,,,,
784,,,,,,,,,,,,,,
785,,,,,,,,,,,,,,
786,,,,,,,,,,,,,,
787,,,,,,,,,,,,,,
788,,,,,,,,,,,,,,
789,,,,,,,,,,,,,,
790,,,,,,,,,,,,,,
791,,,,,,,,,,,,,,
792,,,,,,,,,,,,,,
793,,,,,,,,,,,,,,
794,,,,,,,,,,,,,,
795,,,,,,,,,,,,,,
796,,,,,,,,,,,,,,
797,,,,,,,,,,,,,,
798,,,,,,,,,,,,,,
799,,,,,,,,,,,,,,
800,,,,,,,,,,,,,,
801,,,,,,,,,,,,,,
802,,,,,,,,,,,,,,
803,,,,,,,,,,,,,,
804,,,,,,,,,,,,,,
805,,,,,,,,,,,,,,
806,,,,,,,,,,,,,,
807,,,,,,,,,,,,,,
808,,,,,,,,,,,,,,
809,,,,,,,,,,,,,,
810,,,,,,,,,,,,,,
811,,,,,,,,,,,,,,
812,,,,,,,,,,,,,,
813,,,,,,,,,,,,,,
814,,,,,,,,,,,,,,
815,,,,,,,,,,,,,,
816,,,,,,,,,,,,,,
817,,,,,,,,,,,,,,
818,,,,,,,,,,,,,,
819,,,,,,,,,,,,,,
820,,,,,,,,,,,,,,
821,,,,,,,,,,,,,,
822,,,,,,,,,,,,,,
823,,,,,,,,,,,,,,
824,,,,,,,,,,,,,,
825,,,,,,,,,,,,,,
826,,,,,,,,,,,,,,
827,,,,,,,,,,,,,,
828,,,,,,,,,,,,,,
829,,,,,,,,,,,,,,
830,,,,,,,,,,,,,,
831,,,,,,,,,,,,,,
832,,,,,,,,,,,,,,
833,,,,,,,,,,,,,,
834,,,,,,,,,,,,,,
835,,,,,,,,,,,,,,
836,,,,,,,,,,,,,,
837,,,,,,,,,,,,,,
838,,,,,,,,,,,,,,
839,,,,,,,,,,,,,,
840,,,,,,,,,,,,,,
841,,,,,,,,,,,,,,
842,,,,,,,,,,,,,,
843,,,,,,,,,,,,,,
844,,,,,,,,,,,,,,
845,,,,,,,,,,,,,,
846,,,,,,,,,,,,,,
847,,,,,,,,,,,,,,
848,,,,,,,,,,,,,,
849,,,,,,,,,,,,,,
850,,,,,,,,,,,,,,
851,,,,,,,,,,,,,,
852,,,,,,,,,,,,,,
853,,,,,,,,,,,,,,
854,,,,,,,,,,,,,,
855,,,,,,,,,,,,,,
856,,,,,,,,,,,,,,
857,,,,,,,,,,,,,,
858,,,,,,,,,,,,,,
859,,,,,,,,,,,,,,
860,,,,,,,,,,,,,,
861,,,,,,,,,,,,,,
862,,,,,,,,,,,,,,
863,,,,,,,,,,,,,,
864,,,,,,,,,,,,,,
865,,,,,,,,,,,,,,
866,,,,,,,,,,,,,,
867,,,,,,,,,,,,,,
868,,,,,,,,,,,,,,
869,,,,,,,,,,,,,,
870,,,,,,,,,,,,,,
871,,,,,,,,,,,,,,
872,,,,,,,,,,,,,,
873,,,,,,,,,,,,,,
874,,,,,,,,,,,,,,
875,,,,,,,,,,,,,,
876,,,,,,,,,,,,,,
877,,,,,,,,,,,,,,
878,,,,,,,,,,,,,,
879,,,,,,,,,,,,,,
880,,,,,,,,,,,,,,
881,,,,,,,,,,,,,,
882,,,,,,,,,,,,,,
883,,,,,,,,,,,,,,
884,,,,,,,,,,,,,,
885,,,,,,,,,,,,,,
886,,,,,,,,,,,,,,
887,,,,,,,,,,,,,,
888,,,,,,,,,,,,,,
889,,,,,,,,,,,,,,
890,,,,,,,,,,,,,,
891,,,,,,,,,,,,,,
892,,,,,,,,,,,,,,
893,,,,,,,,,,,,,,
894,,,,,,,,,,,,,,
895,,,,,,,,,,,,,,
896,,,,,,,,,,,,,,
897,,,,,,,,,,,,,,
898,,,,,,,,,,,,,,
899,,,,,,,,,,,,,,
900,,,,,,,,,,,,,,
901,,,,,,,,,,,,,,
902,,,,,,,,,,,,,,
903,,,,,,,,,,,,,,
904,,,,,,,,,,,,,,
905,,,,,,,,,,,,,,
906,,,,,,,,,,,,,,
907,,,,,,,,,,,,,,
908,,,,,,,,,,,,,,
909,,,,,,,,,,,,,,
910,,,,,,,,,,,,,,
911,,,,,,,,,,,,,,
912,,,,,,,,,,,,,,
913,,,,,,,,,,,,,,
914,,,,,,,,,,,,,,
915,,,,,,,,,,,,,,
916,,,,,,,,,,,,,,
917,,,,,,,,,,,,,,
918,,,,,,,,,,,,,,
919,,,,,,,,,,,,,,
920,,,,,,,,,,,,,,
921,,,,,,,,,,,,,,
922,,,,,,,,,,,,,,
923,,,,,,,,,,,,,,
924,,,,,,,,,,,,,,
925,,,,,,,,,,,,,,
926,,,,,,,,,,,,,,
927,,,,,,,,,,,,,,
928,,,,,,,,,,,,,,
929,,,,,,,,,,,,,,
930,,,,,,,,,,,,,,
931,,,,,,,,,,,,,,
932,,,,,,,,,,,,,,
933,,,,,,,,,,,,,,
934,,,,,,,,,,,,,,
935,,,,,,,,,,,,,,
936,,,,,,,,,,,,,,
937,,,,,,,,,,,,,,
938,,,,,,,,,,,,,,
939,,,,,,,,,,,,,,
940,,,,,,,,,,,,,,
941,,,,,,,,,,,,,,
942,,,,,,,,,,,,,,
943,,,,,,,,,,,,,,
944,,,,,,,,,,,,,,
945,,,,,,,,,,,,,,
946,,,,,,,,,,,,,,
947,,,,,,,,,,,,,,
948,,,,,,,,,,,,,,
949,,,,,,,,,,,,,,
950,,,,,,,,,,,,,,
951,,,,,,,,,,,,,,
952,,,,,,,,,,,,,,
953,,,,,,,,,,,,,,
954,,,,,,,,,,,,,,
955,,,,,,,,,,,,,,
956,,,,,,,,,,,,,,
957,,,,,,,,,,,,,,
958,,,,,,,,,,,,,,
959,,,,,,,,,,,,,,
960,,,,,,,,,,,,,,
961,,,,,,,,,,,,,,
962,,,,,,,,,,,,,,
963,,,,,,,,,,,,,,
964,,,,,,,,,,,,,,
965,,,,,,,,,,,,,,
966,,,,,,,,,,,,,,
967,,,,,,,,,,,,,,
968,,,,,,,,,,,,,,
969,,,,,,,,,,,,,,
970,,,,,,,,,,,,,,
971,,,,,,,,,,,,,,
972,,,,,,,,,,,,,,
973,,,,,,,,,,,,,,
974,,,,,,,,,,,,,,
975,,,,,,,,,,,,,,
976,,,,,,,,,,,,,,
977,,,,,,,,,,,,,,
978,,,,,,,,,,,,,,
979,,,,,,,,,,,,,,
980,,,,,,,,,,,,,,
981,,,,,,,,,,,,,,
982,,,,,,,,,,,,,,
983,,,,,,,,,,,,,,
984,,,,,,,,,,,,,,
985,,,,,,,,,,,,,,
986,,,,,,,,,,,,,,
987,,,,,,,,,,,,,,
988,,,,,,,,,,,,,,
989,,,,,,,,,,,,,,
990,,,,,,,,,,,,,,
991,,,,,,,,,,,,,,
992,,,,,,,,,,,,,,
993,,,,,,,,,,,,,,
994,,,,,,,,,,,,,,
995,,,,,,,,,,,,,,
996,,,,,,,,,,,,,,
997,,,,,,,,,,,,,,
998,,,,,,,,,,,,,,
999,,,,,,,,,,,,,,
1000,,,,,,,,,,,,,,
1001,,,,,,,,,,,,,,
1002,,,,,,,,,,,,,,
1003,,,,,,,,,,,,,,
1004,,,,,,,,,,,,,,
1005,,,,,,,,,,,,,,
1006,,,,,,,,,,,,,,
1007,,,,,,,,,,,,,,
1008,,,,,,,,,,,,,,
1009,,,,,,,,,,,,,,
1010,,,,,,,,,,,,,,
1011,,,,,,,,,,,,,,
1012,,,,,,,,,,,,,,
1013,,,,,,,,,,,,,,
1014,,,,,,,,,,,,,,
1015,,,,,,,,,,,,,,
1016,,,,,,,,,,,,,,
1017,,,,,,,,,,,,,,
1018,,,,,,,,,,,,,,
1019,,,,,,,,,,,,,,
1020,,,,,,,,,,,,,,
1021,,,,,,,,,,,,,,
1022,,,,,,,,,,,,,,
1023,,,,,,,,,,,,,,
1024,,,,,,,,,,,,,,
1025,,,,,,,,,,,,,,
