,number,name,type1,type2,total,hp,attack,defense,special_attack,special_defense,speed,main_attack,category
0,1,Bulbasaur,Grass,Poison,318,120.0,69.0,69.0,85.0,85.0,65.0,85.0,normal
1,2,Ivysaur,Grass,Poison,405,135.0,82.0,83.0,100.0,100.0,80.0,100.0,normal
2,3,Venusaur,Grass,Poison,525,155.0,102.0,103.0,120.0,120.0,100.0,120.0,normal
3,3,Mega Venusaur,Grass,Poison,625,155.0,120.0,143.0,142.0,140.0,100.0,142.0,mega_evolution
4,4,Charmander,Fire,Nil,309,114.0,72.0,63.0,80.0,70.0,85.0,80.0,normal
5,5,Charmeleon,Fire,Nil,405,133.0,84.0,78.0,100.0,85.0,100.0,100.0,normal
6,6,Charizard,Fire,Flying,534,153.0,104.0,98.0,129.0,105.0,120.0,129.0,normal
7,6,Mega Charizard X,Fire,Dragon,634,153.0,150.0,131.0,150.0,105.0,120.0,150.0,mega_evolution
8,6,Mega Charizard Y,Fire,Flying,634,153.0,124.0,98.0,179.0,135.0,120.0,179.0,mega_evolution
9,7,Squirtle,Water,Nil,314,119.0,68.0,85.0,70.0,84.0,63.0,70.0,normal
10,8,Wartortle,Water,Nil,405,134.0,83.0,100.0,85.0,100.0,78.0,85.0,normal
11,9,Blastoise,Water,Nil,530,154.0,103.0,120.0,105.0,125.0,98.0,105.0,normal
12,9,Mega Blastoise,Water,Nil,630,154.0,123.0,140.0,155.0,135.0,98.0,155.0,mega_evolution
13,10,Caterpie,Bug,Nil,195,120.0,50.0,55.0,40.0,40.0,65.0,50.0,normal
14,11,Metapod,Bug,Nil,205,125.0,40.0,75.0,45.0,45.0,50.0,45.0,normal
15,12,Butterfree,Bug,Flying,395,135.0,65.0,70.0,110.0,100.0,90.0,110.0,normal
16,13,Weedle,Bug,Poison,195,115.0,55.0,50.0,40.0,40.0,70.0,55.0,normal
17,14,Kakuna,Bug,Poison,205,120.0,45.0,70.0,45.0,45.0,55.0,45.0,normal
18,15,Beedrill,Bug,Poison,395,140.0,110.0,60.0,65.0,100.0,95.0,110.0,normal
19,15,Mega Beedrill,Bug,Poison,495,140.0,170.0,60.0,35.0,100.0,165.0,170.0,mega_evolution
20,16,Pidgey,Normal,Flying,251,115.0,65.0,60.0,55.0,55.0,76.0,65.0,normal
21,17,Pidgeotto,Normal,Flying,349,138.0,80.0,75.0,70.0,70.0,91.0,80.0,normal
22,18,Pidgeot,Normal,Flying,479,158.0,100.0,95.0,90.0,90.0,121.0,100.0,normal
23,18,Mega Pidgeot,Normal,Flying,579,158.0,100.0,100.0,155.0,100.0,141.0,155.0,mega_evolution
24,19,Rattata,Normal,Nil,253,105.0,76.0,55.0,45.0,55.0,92.0,76.0,normal
25,19,Alolan Rattata,Dark,Normal,253,105.0,76.0,55.0,45.0,55.0,92.0,76.0,normal
26,20,Raticate,Normal,Nil,413,130.0,101.0,80.0,70.0,90.0,117.0,101.0,normal
27,20,Alolan Raticate,Dark,Normal,413,150.0,91.0,90.0,60.0,100.0,97.0,91.0,normal
28,21,Spearow,Normal,Flying,262,115.0,80.0,50.0,51.0,51.0,90.0,80.0,normal
29,22,Fearow,Normal,Flying,442,140.0,110.0,85.0,81.0,81.0,120.0,110.0,normal
30,23,Ekans,Poison,Nil,288,110.0,80.0,64.0,60.0,74.0,75.0,80.0,normal
31,24,Arbok,Poison,Nil,448,135.0,115.0,89.0,85.0,99.0,100.0,115.0,normal
32,25,Pikachu,Electric,Nil,320,110.0,75.0,60.0,70.0,70.0,110.0,75.0,normal
33,25,Partner Pikachu,Electric,Nil,430,120.0,100.0,70.0,95.0,80.0,140.0,100.0,normal
34,26,Raichu,Electric,Nil,485,135.0,110.0,75.0,110.0,100.0,130.0,110.0,normal
35,26,Alolan Raichu,Electric,Psychic,485,135.0,105.0,70.0,115.0,105.0,130.0,115.0,normal
36,27,Sandshrew,Ground,Nil,300,125.0,95.0,105.0,40.0,50.0,60.0,95.0,normal
37,27,Alolan Sandshrew,Ice,Steel,300,125.0,95.0,110.0,30.0,55.0,60.0,95.0,normal
38,28,Sandslash,Ground,Nil,450,150.0,120.0,130.0,65.0,75.0,85.0,120.0,normal
39,28,Alolan Sandslash,Ice,Steel,450,150.0,120.0,140.0,45.0,85.0,85.0,120.0,normal
40,29,Nidoran♀,Poison,Nil,275,130.0,67.0,72.0,60.0,60.0,61.0,67.0,normal
41,30,Nidorina,Poison,Nil,365,145.0,82.0,87.0,75.0,75.0,76.0,82.0,normal
42,31,Nidoqueen,Poison,Ground,505,165.0,112.0,107.0,95.0,105.0,96.0,112.0,normal
43,32,Nidoran♂,Poison,Nil,273,121.0,77.0,60.0,60.0,60.0,70.0,77.0,normal
44,33,Nidorino,Poison,Nil,365,136.0,92.0,77.0,75.0,75.0,85.0,92.0,normal
45,34,Nidoking,Poison,Ground,505,156.0,122.0,97.0,105.0,95.0,105.0,122.0,normal
46,35,Clefairy,Fairy,Nil,323,145.0,65.0,68.0,80.0,85.0,55.0,80.0,normal
47,36,Clefable,Fairy,Nil,483,170.0,90.0,93.0,115.0,110.0,80.0,115.0,normal
48,37,Vulpix,Fire,Nil,299,113.0,61.0,60.0,70.0,85.0,85.0,70.0,normal
49,37,Alolan Vulpix,Ice,Nil,299,113.0,61.0,60.0,70.0,85.0,85.0,70.0,normal
50,38,Ninetales,Fire,Nil,505,148.0,96.0,95.0,101.0,120.0,120.0,101.0,normal
51,38,Alolan Ninetales,Ice,Fairy,505,148.0,87.0,95.0,101.0,120.0,129.0,101.0,normal
52,39,Jigglypuff,Normal,Fairy,270,190.0,65.0,40.0,65.0,45.0,40.0,65.0,normal
53,40,Wigglytuff,Normal,Fairy,435,215.0,90.0,65.0,105.0,70.0,65.0,105.0,normal
54,41,Zubat,Poison,Flying,245,115.0,65.0,55.0,50.0,60.0,75.0,65.0,normal
55,42,Golbat,Poison,Flying,455,150.0,100.0,90.0,85.0,95.0,110.0,100.0,normal
56,43,Oddish,Grass,Poison,320,120.0,70.0,75.0,95.0,85.0,50.0,95.0,normal
57,44,Gloom,Grass,Poison,395,135.0,85.0,90.0,105.0,95.0,60.0,105.0,normal
58,45,Vileplume,Grass,Poison,490,150.0,100.0,105.0,130.0,110.0,70.0,130.0,normal
59,46,Paras,Bug,Grass,285,110.0,90.0,75.0,65.0,75.0,45.0,90.0,normal
60,47,Parasect,Bug,Grass,405,135.0,115.0,100.0,80.0,100.0,50.0,115.0,normal
61,48,Venonat,Bug,Poison,305,135.0,75.0,70.0,60.0,75.0,65.0,75.0,normal
62,49,Venomoth,Bug,Poison,450,145.0,85.0,80.0,110.0,95.0,110.0,110.0,normal
63,50,Diglett,Ground,Nil,265,85.0,75.0,45.0,55.0,65.0,115.0,75.0,normal
64,50,Alolan Diglett,Ground,Steel,265,85.0,75.0,50.0,55.0,65.0,110.0,75.0,normal
65,51,Dugtrio,Ground,Nil,425,110.0,120.0,70.0,70.0,90.0,140.0,120.0,normal
66,51,Alolan Dugtrio,Ground,Steel,425,110.0,120.0,80.0,70.0,90.0,130.0,120.0,normal
67,52,Meowth,Normal,Nil,290,115.0,65.0,55.0,60.0,60.0,110.0,65.0,normal
68,52,Alolan Meowth,Dark,Nil,290,115.0,55.0,55.0,70.0,60.0,110.0,70.0,normal
69,52,Galarian Meowth,Steel,Nil,290,125.0,85.0,75.0,60.0,60.0,60.0,85.0,normal
70,53,Persian,Normal,Nil,440,140.0,90.0,80.0,85.0,85.0,135.0,90.0,normal
71,53,Alolan Persian,Dark,Nil,440,140.0,80.0,80.0,95.0,85.0,135.0,95.0,normal
72,54,Psyduck,Water,Nil,320,125.0,72.0,68.0,85.0,70.0,75.0,85.0,normal
73,55,Golduck,Water,Nil,500,155.0,102.0,98.0,115.0,100.0,105.0,115.0,normal
74,56,Mankey,Fighting,Nil,305,115.0,100.0,55.0,55.0,65.0,90.0,100.0,normal
75,57,Primeape,Fighting,Nil,455,140.0,125.0,80.0,80.0,90.0,115.0,125.0,normal
76,58,Growlithe,Fire,Nil,350,130.0,90.0,65.0,90.0,70.0,80.0,90.0,normal
77,58,Hisuian Growlithe,Fire,Rock,350,135.0,95.0,65.0,85.0,70.0,75.0,95.0,normal
78,59,Arcanine,Fire,Nil,555,165.0,130.0,100.0,120.0,100.0,115.0,130.0,normal
79,59,Hisuian Arcanine,Fire,Rock,555,170.0,135.0,100.0,115.0,100.0,110.0,135.0,normal
80,60,Poliwag,Water,Nil,300,115.0,70.0,60.0,60.0,60.0,110.0,70.0,normal
81,61,Poliwhirl,Water,Nil,385,140.0,85.0,85.0,70.0,70.0,110.0,85.0,normal
82,62,Poliwrath,Water,Fighting,510,165.0,115.0,115.0,90.0,110.0,90.0,115.0,normal
83,63,Abra,Psychic,Nil,310,100.0,40.0,35.0,125.0,75.0,110.0,125.0,normal
84,64,Kadabra,Psychic,Nil,400,115.0,55.0,50.0,140.0,90.0,125.0,140.0,normal
85,65,Alakazam,Psychic,Nil,500,130.0,70.0,65.0,155.0,115.0,140.0,155.0,normal
86,65,Mega Alakazam,Psychic,Nil,600,130.0,70.0,85.0,195.0,125.0,170.0,195.0,mega_evolution
87,66,Machop,Fighting,Nil,305,145.0,100.0,70.0,55.0,55.0,55.0,100.0,normal
88,67,Machoke,Fighting,Nil,405,155.0,120.0,90.0,70.0,80.0,65.0,120.0,normal
89,68,Machamp,Fighting,Nil,505,165.0,150.0,100.0,85.0,105.0,75.0,150.0,normal
90,69,Bellsprout,Grass,Poison,300,125.0,95.0,55.0,90.0,50.0,60.0,95.0,normal
91,70,Weepinbell,Grass,Poison,390,140.0,110.0,70.0,105.0,65.0,75.0,110.0,normal
92,71,Victreebel,Grass,Poison,490,155.0,125.0,85.0,120.0,90.0,90.0,125.0,normal
93,71,Mega Victreebel,Grass,Poison,590,155.0,145.0,105.0,155.0,115.0,90.0,155.0,mega_evolution
94,72,Tentacool,Water,Poison,335,115.0,60.0,55.0,70.0,120.0,90.0,70.0,normal
95,73,Tentacruel,Water,Poison,515,155.0,90.0,85.0,100.0,140.0,120.0,100.0,normal
96,74,Geodude,Rock,Ground,300,115.0,100.0,120.0,50.0,50.0,40.0,100.0,normal
97,74,Alolan Geodude,Rock,Electric,300,115.0,100.0,120.0,50.0,50.0,40.0,100.0,normal
98,75,Graveler,Rock,Ground,390,130.0,115.0,135.0,65.0,65.0,55.0,115.0,normal
99,75,Alolan Graveler,Rock,Electric,390,130.0,115.0,135.0,65.0,65.0,55.0,115.0,normal
100,76,Golem,Rock,Ground,495,155.0,140.0,150.0,75.0,85.0,65.0,140.0,normal
101,76,Alolan Golem,Rock,Electric,495,155.0,140.0,150.0,75.0,85.0,65.0,140.0,normal
102,77,Ponyta,Fire,Nil,410,125.0,105.0,75.0,85.0,85.0,110.0,105.0,normal
103,77,Galarian Ponyta,Psychic,Nil,410,125.0,105.0,75.0,85.0,85.0,110.0,105.0,normal
104,78,Rapidash,Fire,Nil,500,140.0,120.0,90.0,100.0,100.0,125.0,120.0,normal
105,78,Galarian Rapidash,Psychic,Fairy,500,140.0,120.0,90.0,100.0,100.0,125.0,120.0,normal
106,79,Slowpoke,Water,Psychic,315,165.0,85.0,85.0,60.0,60.0,35.0,85.0,normal
107,79,Galarian Slowpoke,Psychic,Nil,315,165.0,85.0,85.0,60.0,60.0,35.0,85.0,normal
108,80,Slowbro,Water,Psychic,490,170.0,95.0,130.0,120.0,100.0,50.0,120.0,normal
109,80,Mega Slowbro,Water,Psychic,590,170.0,95.0,200.0,150.0,100.0,50.0,150.0,mega_evolution
110,80,Galarian Slowbro,Poison,Psychic,490,170.0,120.0,115.0,120.0,90.0,50.0,120.0,normal
111,81,Magnemite,Electric,Steel,325,100.0,55.0,90.0,115.0,75.0,65.0,115.0,normal
112,82,Magneton,Electric,Steel,465,125.0,80.0,115.0,140.0,90.0,90.0,140.0,normal
113,83,Farfetch'd,Normal,Flying,377,127.0,110.0,75.0,78.0,82.0,80.0,110.0,normal
114,83,Galarian Farfetch'd,Fighting,Nil,377,127.0,115.0,75.0,78.0,82.0,75.0,115.0,normal
115,84,Doduo,Normal,Flying,310,110.0,105.0,65.0,55.0,55.0,95.0,105.0,normal
116,85,Dodrio,Normal,Flying,470,135.0,130.0,90.0,80.0,80.0,130.0,130.0,normal
117,86,Seel,Water,Nil,325,140.0,65.0,75.0,65.0,90.0,65.0,65.0,normal
118,87,Dewgong,Water,Ice,475,165.0,90.0,100.0,90.0,115.0,90.0,90.0,normal
119,88,Grimer,Poison,Nil,325,155.0,100.0,70.0,60.0,70.0,45.0,100.0,normal
120,88,Alolan Grimer,Poison,Dark,325,155.0,100.0,70.0,60.0,70.0,45.0,100.0,normal
121,89,Muk,Poison,Nil,500,180.0,125.0,95.0,85.0,120.0,70.0,125.0,normal
122,89,Alolan Muk,Poison,Dark,500,180.0,125.0,95.0,85.0,120.0,70.0,125.0,normal
123,90,Shellder,Water,Nil,305,105.0,85.0,120.0,65.0,45.0,60.0,85.0,normal
124,91,Cloyster,Water,Ice,525,125.0,115.0,200.0,105.0,65.0,90.0,115.0,normal
125,92,Gastly,Ghost,Poison,310,105.0,55.0,50.0,120.0,55.0,100.0,120.0,normal
126,93,Haunter,Ghost,Poison,405,120.0,70.0,65.0,135.0,75.0,115.0,135.0,normal
127,94,Gengar,Ghost,Poison,500,135.0,85.0,80.0,150.0,95.0,130.0,150.0,normal
128,94,Mega Gengar,Ghost,Poison,600,135.0,85.0,100.0,190.0,115.0,150.0,190.0,mega_evolution
129,95,Onix,Rock,Ground,385,110.0,65.0,180.0,50.0,65.0,90.0,65.0,normal
130,96,Drowzee,Psychic,Nil,328,135.0,68.0,65.0,63.0,110.0,62.0,68.0,normal
131,97,Hypno,Psychic,Nil,483,160.0,93.0,90.0,93.0,135.0,87.0,93.0,normal
132,98,Krabby,Water,Nil,325,105.0,125.0,110.0,45.0,45.0,70.0,125.0,normal
133,99,Kingler,Water,Nil,475,130.0,150.0,135.0,70.0,70.0,95.0,150.0,normal
134,100,Voltorb,Electric,Nil,330,115.0,50.0,70.0,75.0,75.0,120.0,75.0,normal
135,100,Hisuian Voltorb,Electric,Grass,330,115.0,50.0,70.0,75.0,75.0,120.0,75.0,normal
136,101,Electrode,Electric,Nil,490,135.0,70.0,90.0,100.0,100.0,170.0,100.0,normal
137,101,Hisuian Electrode,Electric,Grass,490,135.0,70.0,90.0,100.0,100.0,170.0,100.0,normal
138,102,Exeggcute,Grass,Psychic,325,135.0,60.0,100.0,80.0,65.0,60.0,80.0,normal
139,103,Exeggutor,Grass,Psychic,530,170.0,115.0,105.0,145.0,95.0,75.0,145.0,normal
140,103,Alolan Exeggutor,Grass,Dragon,530,170.0,125.0,105.0,145.0,95.0,65.0,145.0,normal
141,104,Cubone,Ground,Nil,320,125.0,70.0,115.0,60.0,70.0,55.0,70.0,normal
142,105,Marowak,Ground,Nil,425,135.0,100.0,130.0,70.0,100.0,65.0,100.0,normal
143,105,Alolan Marowak,Fire,Ghost,425,135.0,100.0,130.0,70.0,100.0,65.0,100.0,normal
144,106,Hitmonlee,Fighting,Nil,455,125.0,140.0,73.0,55.0,130.0,107.0,140.0,normal
145,107,Hitmonchan,Fighting,Nil,455,125.0,125.0,99.0,55.0,130.0,96.0,125.0,normal
146,108,Lickitung,Normal,Nil,385,165.0,75.0,95.0,80.0,95.0,50.0,80.0,normal
147,109,Koffing,Poison,Nil,340,115.0,85.0,115.0,80.0,65.0,55.0,85.0,normal
148,110,Weezing,Poison,Nil,490,140.0,110.0,140.0,105.0,90.0,80.0,110.0,normal
149,110,Galarian Weezing,Poison,Fairy,490,140.0,110.0,140.0,105.0,90.0,80.0,110.0,normal
150,111,Rhyhorn,Ground,Rock,345,155.0,105.0,115.0,50.0,50.0,45.0,105.0,normal
151,112,Rhydon,Ground,Rock,485,180.0,150.0,140.0,65.0,65.0,60.0,150.0,normal
152,113,Chansey,Normal,Nil,450,325.0,25.0,25.0,55.0,125.0,70.0,55.0,normal
153,114,Tangela,Grass,Nil,435,140.0,75.0,135.0,120.0,60.0,80.0,120.0,normal
154,115,Kangaskhan,Normal,Nil,490,180.0,115.0,100.0,60.0,100.0,110.0,115.0,normal
155,115,Mega Kangaskhan,Normal,Nil,590,180.0,145.0,120.0,80.0,120.0,120.0,145.0,mega_evolution
156,116,Horsea,Water,Nil,295,105.0,60.0,90.0,90.0,45.0,80.0,90.0,normal
157,117,Seadra,Water,Nil,440,130.0,85.0,115.0,115.0,65.0,105.0,115.0,normal
158,118,Goldeen,Water,Nil,320,120.0,87.0,80.0,55.0,70.0,83.0,87.0,normal
159,119,Seaking,Water,Nil,450,155.0,112.0,85.0,85.0,100.0,88.0,112.0,normal
160,120,Staryu,Water,Nil,340,105.0,65.0,75.0,90.0,75.0,105.0,90.0,normal
161,121,Starmie,Water,Psychic,520,135.0,95.0,105.0,120.0,105.0,135.0,120.0,normal
162,122,Mr. Mime,Psychic,Fairy,460,115.0,65.0,85.0,120.0,140.0,110.0,120.0,normal
163,122,Galarian Mr. Mime,Ice,Psychic,460,125.0,85.0,85.0,110.0,110.0,120.0,110.0,normal
164,123,Scyther,Bug,Flying,500,145.0,130.0,100.0,75.0,100.0,125.0,130.0,normal
165,124,Jynx,Ice,Psychic,455,140.0,70.0,55.0,135.0,115.0,115.0,135.0,normal
166,125,Electabuzz,Electric,Nil,490,140.0,103.0,77.0,115.0,105.0,125.0,115.0,normal
167,126,Magmar,Fire,Nil,495,140.0,115.0,77.0,120.0,105.0,113.0,120.0,normal
168,127,Pinsir,Bug,Nil,500,140.0,145.0,120.0,75.0,90.0,105.0,145.0,normal
169,127,Mega Pinsir,Bug,Flying,600,140.0,175.0,140.0,85.0,110.0,125.0,175.0,mega_evolution
170,128,Tauros,Normal,Nil,490,150.0,120.0,115.0,60.0,90.0,130.0,120.0,normal
171,128,Tauros Combat Breed,Fighting,Nil,490,150.0,130.0,125.0,50.0,90.0,120.0,130.0,normal
172,128,Tauros Blaze Breed,Fighting,Fire,490,150.0,130.0,125.0,50.0,90.0,120.0,130.0,normal
173,128,Tauros Aqua Breed,Fighting,Water,490,150.0,130.0,125.0,50.0,90.0,120.0,130.0,normal
174,129,Magikarp,Water,Nil,200,95.0,30.0,75.0,35.0,40.0,100.0,35.0,normal
175,130,Gyarados,Water,Flying,540,170.0,145.0,99.0,80.0,120.0,101.0,145.0,normal
176,130,Mega Gyarados,Water,Dark,640,170.0,175.0,129.0,90.0,150.0,101.0,175.0,mega_evolution
177,131,Lapras,Water,Ice,535,205.0,105.0,100.0,105.0,115.0,80.0,105.0,normal
178,132,Ditto,Normal,Nil,288,123.0,68.0,68.0,68.0,68.0,68.0,68.0,normal
179,133,Eevee,Normal,Nil,325,130.0,75.0,70.0,65.0,85.0,75.0,75.0,normal
180,133,Partner Eevee,Normal,Nil,435,140.0,95.0,90.0,85.0,105.0,95.0,95.0,normal
181,134,Vaporeon,Water,Nil,525,205.0,85.0,80.0,130.0,115.0,85.0,130.0,normal
182,135,Jolteon,Electric,Nil,525,140.0,85.0,80.0,130.0,115.0,150.0,130.0,normal
183,136,Flareon,Fire,Nil,525,140.0,150.0,80.0,115.0,130.0,85.0,150.0,normal
184,137,Porygon,Normal,Nil,395,140.0,80.0,90.0,105.0,95.0,60.0,105.0,normal
185,138,Omanyte,Rock,Water,355,110.0,60.0,120.0,110.0,75.0,55.0,110.0,normal
186,139,Omastar,Rock,Water,495,145.0,80.0,145.0,135.0,90.0,75.0,135.0,normal
187,140,Kabuto,Rock,Water,355,105.0,100.0,110.0,75.0,65.0,75.0,100.0,normal
188,141,Kabutops,Rock,Water,495,135.0,135.0,125.0,85.0,90.0,100.0,135.0,normal
189,142,Aerodactyl,Rock,Flying,515,155.0,125.0,85.0,80.0,95.0,150.0,125.0,normal
190,142,Mega Aerodactyl,Rock,Flying,615,155.0,155.0,105.0,90.0,115.0,170.0,155.0,mega_evolution
191,143,Snorlax,Normal,Nil,540,235.0,130.0,85.0,85.0,130.0,50.0,130.0,normal
192,144,Articuno,Ice,Flying,580,165.0,105.0,120.0,115.0,145.0,105.0,115.0,sub_legendary
193,144,Galarian Articuno,Psychic,Flying,580,165.0,105.0,105.0,145.0,120.0,115.0,145.0,normal
194,145,Zapdos,Electric,Flying,580,165.0,110.0,105.0,145.0,110.0,120.0,145.0,sub_legendary
195,145,Galarian Zapdos,Fighting,Flying,580,165.0,145.0,110.0,105.0,110.0,120.0,145.0,normal
196,146,Moltres,Fire,Flying,580,165.0,120.0,110.0,145.0,105.0,110.0,145.0,sub_legendary
197,146,Galarian Moltres,Dark,Flying,580,165.0,105.0,110.0,120.0,145.0,110.0,120.0,normal
198,147,Dratini,Dragon,Nil,300,116.0,84.0,65.0,70.0,70.0,70.0,84.0,normal
199,148,Dragonair,Dragon,Nil,420,136.0,104.0,85.0,90.0,90.0,90.0,104.0,normal
200,149,Dragonite,Dragon,Flying,600,166.0,154.0,115.0,120.0,120.0,100.0,154.0,normal
201,149,Mega Dragonite,Dragon,Flying,700,166.0,144.0,135.0,165.0,145.0,120.0,165.0,mega_evolution
202,150,Mewtwo,Psychic,Nil,680,181.0,130.0,110.0,174.0,110.0,150.0,174.0,legendary
203,150,Mega Mewtwo X,Psychic,Fighting,780,181.0,210.0,120.0,174.0,120.0,150.0,210.0,mega_evolution
204,150,Mega Mewtwo Y,Psychic,Nil,780,181.0,170.0,90.0,214.0,140.0,160.0,214.0,mega_evolution
205,151,Mew,Psychic,Nil,600,175.0,120.0,120.0,120.0,120.0,120.0,120.0,mythical
206,152,Chikorita,Grass,Nil,318,120.0,69.0,85.0,69.0,85.0,65.0,69.0,normal
207,153,Bayleef,Grass,Nil,405,135.0,82.0,100.0,83.0,100.0,80.0,83.0,normal
208,154,Meganium,Grass,Nil,525,155.0,102.0,120.0,103.0,120.0,100.0,103.0,normal
209,155,Cyndaquil,Fire,Nil,309,114.0,72.0,63.0,80.0,70.0,85.0,80.0,normal
210,156,Quilava,Fire,Nil,405,133.0,84.0,78.0,100.0,85.0,100.0,100.0,normal
211,157,Typhlosion,Fire,Nil,534,153.0,104.0,98.0,129.0,105.0,120.0,129.0,normal
212,157,Hisuian Typhlosion,Fire,Ghost,534,148.0,104.0,98.0,139.0,105.0,115.0,139.0,normal
213,158,Totodile,Water,Nil,314,125.0,85.0,84.0,64.0,68.0,63.0,85.0,normal
214,159,Croconaw,Water,Nil,405,140.0,100.0,100.0,79.0,83.0,78.0,100.0,normal
215,160,Feraligatr,Water,Nil,530,160.0,125.0,120.0,99.0,103.0,98.0,125.0,normal
216,161,Sentret,Normal,Nil,215,110.0,66.0,54.0,55.0,65.0,40.0,66.0,normal
217,162,Furret,Normal,Nil,415,160.0,96.0,84.0,65.0,75.0,110.0,96.0,normal
218,163,Hoothoot,Normal,Flying,262,135.0,50.0,50.0,56.0,76.0,70.0,56.0,normal
219,164,Noctowl,Normal,Flying,452,175.0,70.0,70.0,106.0,116.0,90.0,106.0,normal
220,165,Ledyba,Bug,Flying,265,115.0,40.0,50.0,60.0,100.0,75.0,60.0,normal
221,166,Ledian,Bug,Flying,390,130.0,55.0,70.0,75.0,130.0,105.0,75.0,normal
222,167,Spinarak,Bug,Poison,250,115.0,80.0,60.0,60.0,60.0,50.0,80.0,normal
223,168,Ariados,Bug,Poison,400,145.0,110.0,90.0,80.0,90.0,60.0,110.0,normal
224,169,Crobat,Poison,Flying,535,160.0,110.0,100.0,90.0,100.0,150.0,110.0,normal
225,170,Chinchou,Water,Electric,330,150.0,58.0,58.0,76.0,76.0,87.0,76.0,normal
226,171,Lanturn,Water,Electric,460,200.0,78.0,78.0,96.0,96.0,87.0,96.0,normal
227,172,Pichu,Electric,Nil,205,95.0,60.0,35.0,55.0,55.0,80.0,60.0,normal
228,173,Cleffa,Fairy,Nil,218,125.0,45.0,48.0,65.0,75.0,35.0,65.0,normal
229,174,Igglybuff,Normal,Fairy,210,165.0,50.0,35.0,60.0,40.0,35.0,60.0,normal
230,175,Togepi,Fairy,Nil,245,110.0,40.0,85.0,60.0,85.0,40.0,60.0,normal
231,176,Togetic,Fairy,Flying,405,130.0,60.0,105.0,100.0,125.0,60.0,100.0,normal
232,177,Natu,Psychic,Flying,320,115.0,70.0,65.0,90.0,65.0,90.0,90.0,normal
233,178,Xatu,Psychic,Flying,470,140.0,95.0,90.0,115.0,90.0,115.0,115.0,normal
234,179,Mareep,Electric,Nil,280,130.0,60.0,60.0,85.0,65.0,55.0,85.0,normal
235,180,Flaaffy,Electric,Nil,365,145.0,75.0,75.0,100.0,80.0,65.0,100.0,normal
236,181,Ampharos,Electric,Nil,510,165.0,95.0,105.0,135.0,110.0,75.0,135.0,normal
237,181,Mega Ampharos,Electric,Dragon,610,165.0,115.0,125.0,185.0,130.0,65.0,185.0,mega_evolution
238,182,Bellossom,Grass,Nil,490,150.0,100.0,115.0,110.0,120.0,70.0,110.0,normal
239,183,Marill,Water,Fairy,250,145.0,40.0,70.0,40.0,70.0,60.0,40.0,normal
240,184,Azumarill,Water,Fairy,420,175.0,70.0,100.0,80.0,100.0,70.0,80.0,normal
241,185,Sudowoodo,Rock,Nil,410,145.0,120.0,135.0,50.0,85.0,50.0,120.0,normal
242,186,Politoed,Water,Nil,500,165.0,95.0,95.0,110.0,120.0,90.0,110.0,normal
243,187,Hoppip,Grass,Flying,250,110.0,55.0,60.0,55.0,75.0,70.0,55.0,normal
244,188,Skiploom,Grass,Flying,340,130.0,65.0,70.0,65.0,85.0,100.0,65.0,normal
245,189,Jumpluff,Grass,Flying,460,150.0,75.0,90.0,75.0,115.0,130.0,75.0,normal
246,190,Aipom,Normal,Nil,360,130.0,90.0,75.0,60.0,75.0,105.0,90.0,normal
247,191,Sunkern,Grass,Nil,180,105.0,50.0,50.0,50.0,50.0,50.0,50.0,normal
248,192,Sunflora,Grass,Nil,425,150.0,95.0,75.0,125.0,105.0,50.0,125.0,normal
249,193,Yanma,Bug,Flying,390,140.0,85.0,65.0,95.0,65.0,115.0,95.0,normal
250,194,Wooper,Water,Ground,210,130.0,65.0,65.0,45.0,45.0,35.0,65.0,normal
251,194,Paldean Wooper,Poison,Ground,210,130.0,65.0,65.0,45.0,45.0,35.0,65.0,normal
252,195,Quagsire,Water,Ground,430,170.0,105.0,105.0,85.0,85.0,55.0,105.0,normal
253,196,Espeon,Psychic,Nil,525,140.0,85.0,80.0,150.0,115.0,130.0,150.0,normal
254,197,Umbreon,Dark,Nil,525,170.0,85.0,130.0,80.0,150.0,85.0,85.0,normal
255,198,Murkrow,Dark,Flying,405,135.0,105.0,62.0,105.0,62.0,111.0,105.0,normal
256,199,Slowking,Water,Psychic,490,170.0,95.0,100.0,120.0,130.0,50.0,120.0,normal
257,199,Galarian Slowking,Poison,Psychic,490,170.0,85.0,100.0,130.0,130.0,50.0,130.0,normal
258,200,Misdreavus,Ghost,Nil,435,135.0,80.0,80.0,105.0,105.0,105.0,105.0,normal
259,201,Unown,Psychic,Nil,336,123.0,92.0,68.0,92.0,68.0,68.0,92.0,normal
260,202,Wobbuffet,Psychic,Nil,405,265.0,53.0,78.0,53.0,78.0,53.0,53.0,normal
261,203,Girafarig,Normal,Psychic,455,145.0,100.0,85.0,110.0,85.0,105.0,110.0,normal
262,204,Pineco,Bug,Nil,290,125.0,85.0,110.0,55.0,55.0,35.0,85.0,normal
263,205,Forretress,Bug,Steel,465,150.0,110.0,160.0,80.0,80.0,60.0,110.0,normal
264,206,Dunsparce,Normal,Nil,415,175.0,90.0,90.0,85.0,85.0,65.0,90.0,normal
265,207,Gligar,Ground,Flying,430,140.0,95.0,125.0,55.0,85.0,105.0,95.0,normal
266,208,Steelix,Steel,Ground,510,150.0,105.0,220.0,75.0,85.0,50.0,105.0,normal
267,208,Mega Steelix,Steel,Ground,610,150.0,145.0,250.0,75.0,115.0,50.0,145.0,mega_evolution
268,209,Snubbull,Fairy,Nil,300,135.0,100.0,70.0,60.0,60.0,50.0,100.0,normal
269,210,Granbull,Fairy,Nil,450,165.0,140.0,95.0,80.0,80.0,65.0,140.0,normal
270,211,Qwilfish,Water,Poison,440,140.0,115.0,105.0,75.0,75.0,105.0,115.0,normal
271,211,Hisuian Qwilfish,Dark,Poison,440,140.0,115.0,105.0,75.0,75.0,105.0,115.0,normal
272,212,Scizor,Bug,Steel,500,145.0,150.0,120.0,75.0,100.0,85.0,150.0,normal
273,212,Mega Scizor,Bug,Steel,600,145.0,170.0,160.0,85.0,120.0,95.0,170.0,mega_evolution
274,213,Shuckle,Bug,Rock,505,95.0,30.0,250.0,30.0,250.0,25.0,30.0,normal
275,214,Heracross,Bug,Fighting,500,155.0,145.0,95.0,60.0,115.0,105.0,145.0,normal
276,214,Mega Heracross,Bug,Fighting,600,155.0,205.0,135.0,60.0,125.0,95.0,205.0,mega_evolution
277,215,Sneasel,Dark,Ice,430,130.0,115.0,75.0,55.0,95.0,135.0,115.0,normal
278,215,Hisuian Sneasel,Fighting,Poison,430,130.0,115.0,75.0,55.0,95.0,135.0,115.0,normal
279,216,Teddiursa,Normal,Nil,330,135.0,100.0,70.0,70.0,70.0,60.0,100.0,normal
280,217,Ursaring,Normal,Nil,500,165.0,150.0,95.0,95.0,95.0,75.0,150.0,normal
281,218,Slugma,Fire,Nil,250,115.0,60.0,60.0,90.0,60.0,40.0,90.0,normal
282,219,Magcargo,Fire,Rock,430,135.0,70.0,140.0,110.0,100.0,50.0,110.0,normal
283,220,Swinub,Ice,Ground,250,125.0,70.0,60.0,50.0,50.0,70.0,70.0,normal
284,221,Piloswine,Ice,Ground,450,175.0,120.0,100.0,80.0,80.0,70.0,120.0,normal
285,222,Corsola,Water,Rock,410,140.0,75.0,115.0,85.0,115.0,55.0,85.0,normal
286,222,Galarian Corsola,Ghost,Nil,410,135.0,75.0,120.0,85.0,120.0,50.0,85.0,normal
287,223,Remoraid,Water,Nil,300,110.0,85.0,55.0,85.0,55.0,85.0,85.0,normal
288,224,Octillery,Water,Nil,480,150.0,125.0,95.0,125.0,95.0,65.0,125.0,normal
289,225,Delibird,Ice,Flying,330,120.0,75.0,65.0,85.0,65.0,95.0,85.0,normal
290,226,Mantine,Water,Flying,485,160.0,60.0,90.0,100.0,160.0,90.0,100.0,normal
291,227,Skarmory,Steel,Flying,465,140.0,100.0,160.0,60.0,90.0,90.0,100.0,normal
292,228,Houndour,Dark,Fire,330,120.0,80.0,50.0,100.0,70.0,85.0,100.0,normal
293,229,Houndoom,Dark,Fire,500,150.0,110.0,70.0,130.0,100.0,115.0,130.0,normal
294,229,Mega Houndoom,Dark,Fire,600,150.0,110.0,110.0,160.0,110.0,135.0,160.0,mega_evolution
295,230,Kingdra,Water,Dragon,540,150.0,115.0,115.0,115.0,115.0,105.0,115.0,normal
296,231,Phanpy,Ground,Nil,330,165.0,80.0,80.0,60.0,60.0,60.0,80.0,normal
297,232,Donphan,Ground,Nil,500,165.0,140.0,140.0,80.0,80.0,70.0,140.0,normal
298,233,Porygon2,Normal,Nil,515,160.0,100.0,110.0,125.0,115.0,80.0,125.0,normal
299,234,Stantler,Normal,Nil,465,148.0,115.0,82.0,105.0,85.0,105.0,115.0,normal
300,235,Smeargle,Normal,Nil,250,130.0,40.0,55.0,40.0,65.0,95.0,40.0,normal
301,236,Tyrogue,Fighting,Nil,210,110.0,55.0,55.0,55.0,55.0,55.0,55.0,normal
302,237,Hitmontop,Fighting,Nil,455,125.0,115.0,115.0,55.0,130.0,90.0,115.0,normal
303,238,Smoochum,Ice,Psychic,305,120.0,50.0,35.0,105.0,85.0,85.0,105.0,normal
304,239,Elekid,Electric,Nil,360,120.0,83.0,57.0,85.0,75.0,115.0,85.0,normal
305,240,Magby,Fire,Nil,365,120.0,95.0,57.0,90.0,75.0,103.0,95.0,normal
306,241,Miltank,Normal,Nil,490,170.0,100.0,125.0,60.0,90.0,120.0,100.0,normal
307,242,Blissey,Normal,Nil,540,330.0,30.0,30.0,95.0,155.0,75.0,95.0,normal
308,243,Raikou,Electric,Nil,580,165.0,105.0,95.0,135.0,120.0,135.0,135.0,sub_legendary
309,244,Entei,Fire,Nil,580,190.0,135.0,105.0,110.0,95.0,120.0,135.0,sub_legendary
310,245,Suicune,Water,Nil,580,175.0,95.0,135.0,110.0,135.0,105.0,110.0,sub_legendary
311,246,Larvitar,Rock,Ground,300,125.0,84.0,70.0,65.0,70.0,61.0,84.0,normal
312,247,Pupitar,Rock,Ground,410,145.0,104.0,90.0,85.0,90.0,71.0,104.0,normal
313,248,Tyranitar,Rock,Dark,600,175.0,154.0,130.0,115.0,120.0,81.0,154.0,normal
314,248,Mega Tyranitar,Rock,Dark,700,175.0,184.0,170.0,115.0,140.0,91.0,184.0,mega_evolution
315,249,Lugia,Psychic,Flying,680,181.0,110.0,150.0,110.0,174.0,130.0,110.0,legendary
316,250,Ho-oh,Fire,Flying,680,181.0,150.0,110.0,130.0,174.0,110.0,150.0,normal
317,251,Celebi,Psychic,Grass,600,175.0,120.0,120.0,120.0,120.0,120.0,120.0,mythical
318,252,Treecko,Grass,Nil,310,115.0,65.0,55.0,85.0,75.0,90.0,85.0,normal
319,253,Grovyle,Grass,Nil,405,125.0,85.0,65.0,105.0,85.0,115.0,105.0,normal
320,254,Sceptile,Grass,Nil,530,145.0,105.0,85.0,125.0,105.0,140.0,125.0,normal
321,254,Mega Sceptile,Grass,Dragon,630,145.0,130.0,95.0,165.0,105.0,165.0,165.0,mega_evolution
322,255,Torchic,Fire,Nil,310,120.0,80.0,60.0,90.0,70.0,65.0,90.0,normal
323,256,Combusken,Fire,Fighting,405,135.0,105.0,80.0,105.0,80.0,75.0,105.0,normal
324,257,Blaziken,Fire,Fighting,530,155.0,140.0,90.0,130.0,90.0,100.0,140.0,normal
325,257,Mega Blaziken,Fire,Fighting,630,155.0,180.0,100.0,150.0,100.0,120.0,180.0,mega_evolution
326,258,Mudkip,Water,Nil,310,125.0,90.0,70.0,70.0,70.0,60.0,90.0,normal
327,259,Marshtomp,Water,Ground,405,145.0,105.0,90.0,80.0,90.0,70.0,105.0,normal
328,260,Swampert,Water,Ground,535,175.0,130.0,110.0,105.0,110.0,80.0,130.0,normal
329,260,Mega Swampert,Water,Ground,635,175.0,170.0,130.0,115.0,130.0,90.0,170.0,mega_evolution
330,261,Poochyena,Dark,Nil,220,110.0,75.0,55.0,50.0,50.0,55.0,75.0,normal
331,262,Mightyena,Dark,Nil,420,145.0,110.0,90.0,80.0,80.0,90.0,110.0,normal
332,263,Zigzagoon,Normal,Nil,240,113.0,50.0,61.0,50.0,61.0,80.0,50.0,normal
333,263,Galarian Zigzagoon,Dark,Normal,240,113.0,50.0,61.0,50.0,61.0,80.0,50.0,normal
334,264,Linoone,Normal,Nil,420,153.0,90.0,81.0,70.0,81.0,120.0,90.0,normal
335,264,Galarian Linoone,Dark,Normal,420,153.0,90.0,81.0,70.0,81.0,120.0,90.0,normal
336,265,Wurmple,Bug,Nil,195,120.0,65.0,55.0,40.0,50.0,40.0,65.0,normal
337,266,Silcoon,Bug,Nil,205,125.0,55.0,75.0,45.0,45.0,35.0,55.0,normal
338,267,Beautifly,Bug,Flying,395,135.0,90.0,70.0,120.0,70.0,85.0,120.0,normal
339,268,Cascoon,Bug,Nil,205,125.0,55.0,75.0,45.0,45.0,35.0,55.0,normal
340,269,Dustox,Bug,Poison,385,135.0,70.0,90.0,70.0,110.0,85.0,70.0,normal
341,270,Lotad,Water,Grass,220,115.0,50.0,50.0,60.0,70.0,50.0,60.0,normal
342,271,Lombre,Water,Grass,340,135.0,70.0,70.0,80.0,90.0,70.0,80.0,normal
343,272,Ludicolo,Water,Grass,480,155.0,90.0,90.0,110.0,120.0,90.0,110.0,normal
344,273,Seedot,Grass,Nil,220,115.0,60.0,70.0,50.0,50.0,50.0,60.0,normal
345,274,Nuzleaf,Grass,Dark,340,145.0,90.0,60.0,80.0,60.0,80.0,90.0,normal
346,275,Shiftry,Grass,Dark,480,165.0,120.0,80.0,110.0,80.0,100.0,120.0,normal
347,276,Taillow,Normal,Flying,270,115.0,75.0,50.0,50.0,50.0,105.0,75.0,normal
348,277,Swellow,Normal,Flying,455,135.0,105.0,80.0,95.0,70.0,145.0,105.0,normal
349,278,Wingull,Water,Flying,270,115.0,50.0,50.0,75.0,50.0,105.0,75.0,normal
350,279,Pelipper,Water,Flying,440,135.0,70.0,120.0,115.0,90.0,85.0,115.0,normal
351,280,Ralts,Psychic,Fairy,198,103.0,45.0,45.0,65.0,55.0,60.0,65.0,normal
352,281,Kirlia,Psychic,Fairy,278,113.0,55.0,55.0,85.0,75.0,70.0,85.0,normal
353,282,Gardevoir,Psychic,Fairy,518,143.0,85.0,85.0,145.0,135.0,100.0,145.0,normal
354,282,Mega Gardevoir,Psychic,Fairy,618,143.0,105.0,85.0,185.0,155.0,120.0,185.0,mega_evolution
355,283,Surskit,Bug,Water,269,115.0,50.0,52.0,70.0,72.0,85.0,70.0,normal
356,284,Masquerain,Bug,Flying,454,145.0,80.0,82.0,120.0,102.0,100.0,120.0,normal
357,285,Shroomish,Grass,Nil,295,135.0,60.0,80.0,60.0,80.0,55.0,60.0,normal
358,286,Breloom,Grass,Fighting,460,135.0,150.0,100.0,80.0,80.0,90.0,150.0,normal
359,287,Slakoth,Normal,Nil,280,135.0,80.0,80.0,55.0,55.0,50.0,80.0,normal
360,288,Vigoroth,Normal,Nil,440,155.0,100.0,100.0,75.0,75.0,110.0,100.0,normal
361,289,Slaking,Normal,Nil,670,225.0,180.0,120.0,115.0,85.0,120.0,180.0,normal
362,290,Nincada,Bug,Ground,266,106.0,65.0,110.0,50.0,50.0,60.0,65.0,normal
363,291,Ninjask,Bug,Flying,456,136.0,110.0,65.0,70.0,70.0,180.0,110.0,normal
364,292,Shedinja,Bug,Ghost,236,76.0,110.0,65.0,50.0,50.0,60.0,110.0,normal
365,293,Whismur,Normal,Nil,240,139.0,71.0,43.0,71.0,43.0,48.0,71.0,normal
366,294,Loudred,Normal,Nil,360,159.0,91.0,63.0,91.0,63.0,68.0,91.0,normal
367,295,Exploud,Normal,Nil,490,179.0,111.0,83.0,111.0,93.0,88.0,111.0,normal
368,296,Makuhita,Fighting,Nil,237,147.0,80.0,50.0,40.0,50.0,45.0,80.0,normal
369,297,Hariyama,Fighting,Nil,474,219.0,140.0,80.0,60.0,80.0,70.0,140.0,normal
370,298,Azurill,Normal,Fairy,190,125.0,40.0,60.0,40.0,60.0,40.0,40.0,normal
371,299,Nosepass,Rock,Nil,375,105.0,65.0,155.0,65.0,110.0,50.0,65.0,normal
372,300,Skitty,Normal,Nil,260,125.0,65.0,65.0,55.0,55.0,70.0,65.0,normal
373,301,Delcatty,Normal,Nil,400,145.0,85.0,85.0,75.0,75.0,110.0,85.0,normal
374,302,Sableye,Dark,Ghost,380,125.0,95.0,95.0,85.0,85.0,70.0,95.0,normal
375,302,Mega Sableye,Dark,Ghost,480,125.0,105.0,145.0,105.0,135.0,40.0,105.0,mega_evolution
376,303,Mawile,Steel,Fairy,380,125.0,105.0,105.0,75.0,75.0,70.0,105.0,normal
377,303,Mega Mawile,Steel,Fairy,480,125.0,125.0,145.0,75.0,115.0,70.0,125.0,mega_evolution
378,304,Aron,Steel,Rock,330,125.0,90.0,120.0,60.0,60.0,50.0,90.0,normal
379,305,Lairon,Steel,Rock,430,135.0,110.0,160.0,70.0,70.0,60.0,110.0,normal
380,306,Aggron,Steel,Rock,530,145.0,130.0,200.0,80.0,80.0,70.0,130.0,normal
381,306,Mega Aggron,Steel,Nil,630,145.0,160.0,250.0,80.0,100.0,70.0,160.0,mega_evolution
382,307,Meditite,Fighting,Psychic,280,105.0,60.0,75.0,60.0,75.0,80.0,60.0,normal
383,308,Medicham,Fighting,Psychic,410,135.0,80.0,95.0,80.0,95.0,100.0,80.0,normal
384,308,Mega Medicham,Fighting,Psychic,510,135.0,120.0,105.0,100.0,105.0,120.0,120.0,mega_evolution
385,309,Electrike,Electric,Nil,295,115.0,65.0,60.0,85.0,60.0,85.0,85.0,normal
386,310,Manectric,Electric,Nil,475,145.0,95.0,80.0,125.0,80.0,125.0,125.0,normal
387,310,Mega Manectric,Electric,Nil,575,145.0,95.0,100.0,155.0,100.0,155.0,155.0,mega_evolution
388,311,Plusle,Electric,Nil,405,135.0,70.0,60.0,105.0,95.0,115.0,105.0,normal
389,312,Minun,Electric,Nil,405,135.0,60.0,70.0,95.0,105.0,115.0,95.0,normal
390,313,Volbeat,Bug,Nil,430,140.0,93.0,95.0,67.0,105.0,105.0,93.0,normal
391,314,Illumise,Bug,Nil,430,140.0,67.0,95.0,93.0,105.0,105.0,93.0,normal
392,315,Roselia,Grass,Poison,400,125.0,80.0,65.0,120.0,100.0,85.0,120.0,normal
393,316,Gulpin,Poison,Nil,302,145.0,63.0,73.0,63.0,73.0,60.0,63.0,normal
394,317,Swalot,Poison,Nil,467,175.0,93.0,103.0,93.0,103.0,75.0,93.0,normal
395,318,Carvanha,Water,Dark,305,120.0,110.0,40.0,85.0,40.0,85.0,110.0,normal
396,319,Sharpedo,Water,Dark,460,145.0,140.0,60.0,115.0,60.0,115.0,140.0,normal
397,319,Mega Sharpedo,Water,Dark,560,145.0,160.0,90.0,130.0,85.0,125.0,160.0,mega_evolution
398,320,Wailmer,Water,Nil,400,205.0,90.0,55.0,90.0,55.0,80.0,90.0,normal
399,321,Wailord,Water,Nil,500,245.0,110.0,65.0,110.0,65.0,80.0,110.0,normal
400,322,Numel,Fire,Ground,305,135.0,80.0,60.0,85.0,65.0,55.0,85.0,normal
401,323,Camerupt,Fire,Ground,460,145.0,120.0,90.0,125.0,95.0,60.0,125.0,normal
402,323,Mega Camerupt,Fire,Ground,560,145.0,140.0,120.0,165.0,125.0,40.0,165.0,mega_evolution
403,324,Torkoal,Fire,Nil,470,145.0,105.0,160.0,105.0,90.0,40.0,105.0,normal
404,325,Spoink,Psychic,Nil,330,135.0,45.0,55.0,90.0,100.0,80.0,90.0,normal
405,326,Grumpig,Psychic,Nil,470,155.0,65.0,85.0,110.0,130.0,100.0,110.0,normal
406,327,Spinda,Normal,Nil,360,135.0,80.0,80.0,80.0,80.0,80.0,80.0,normal
407,328,Trapinch,Ground,Nil,290,120.0,120.0,65.0,65.0,65.0,30.0,120.0,normal
408,329,Vibrava,Ground,Dragon,340,125.0,90.0,70.0,70.0,70.0,90.0,90.0,normal
409,330,Flygon,Ground,Dragon,520,155.0,120.0,100.0,100.0,100.0,120.0,120.0,normal
410,331,Cacnea,Grass,Nil,335,125.0,105.0,60.0,105.0,60.0,55.0,105.0,normal
411,332,Cacturne,Grass,Dark,475,145.0,135.0,80.0,135.0,80.0,75.0,135.0,normal
412,333,Swablu,Normal,Flying,310,120.0,60.0,80.0,60.0,95.0,70.0,60.0,normal
413,334,Altaria,Dragon,Flying,490,150.0,90.0,110.0,90.0,125.0,100.0,90.0,normal
414,334,Mega Altaria,Dragon,Fairy,590,150.0,130.0,130.0,130.0,125.0,100.0,130.0,mega_evolution
415,335,Zangoose,Normal,Nil,458,148.0,135.0,80.0,80.0,80.0,110.0,135.0,normal
416,336,Seviper,Poison,Nil,458,148.0,120.0,80.0,120.0,80.0,85.0,120.0,normal
417,337,Lunatone,Rock,Psychic,460,165.0,75.0,85.0,115.0,105.0,90.0,115.0,normal
418,338,Solrock,Rock,Psychic,460,165.0,115.0,105.0,75.0,85.0,90.0,115.0,normal
419,339,Barboach,Water,Ground,288,125.0,68.0,63.0,66.0,61.0,80.0,68.0,normal
420,340,Whiscash,Water,Ground,468,185.0,98.0,93.0,96.0,91.0,80.0,98.0,normal
421,341,Corphish,Water,Nil,308,118.0,100.0,85.0,70.0,55.0,55.0,100.0,normal
422,342,Crawdaunt,Water,Dark,468,138.0,140.0,105.0,110.0,75.0,75.0,140.0,normal
423,343,Baltoy,Ground,Psychic,300,115.0,60.0,75.0,60.0,90.0,75.0,60.0,normal
424,344,Claydol,Ground,Psychic,500,135.0,90.0,125.0,90.0,140.0,95.0,90.0,normal
425,345,Lileep,Rock,Grass,355,141.0,61.0,97.0,81.0,107.0,43.0,81.0,normal
426,346,Cradily,Rock,Grass,495,161.0,101.0,117.0,101.0,127.0,63.0,101.0,normal
427,347,Anorith,Rock,Bug,355,120.0,115.0,70.0,60.0,70.0,95.0,115.0,normal
428,348,Armaldo,Rock,Bug,495,150.0,145.0,120.0,90.0,100.0,65.0,145.0,normal
429,349,Feebas,Water,Nil,200,95.0,35.0,40.0,30.0,75.0,100.0,35.0,normal
430,350,Milotic,Water,Nil,540,170.0,80.0,99.0,120.0,145.0,101.0,120.0,normal
431,351,Castform,Normal,Nil,420,145.0,90.0,90.0,90.0,90.0,90.0,90.0,normal
432,351,Castform Sunny Form,Fire,Nil,420,145.0,90.0,90.0,90.0,90.0,90.0,90.0,normal
433,351,Castform Rainy Form,Water,Nil,420,145.0,90.0,90.0,90.0,90.0,90.0,90.0,normal
434,351,Castform Snowy Form,Ice,Nil,420,145.0,90.0,90.0,90.0,90.0,90.0,90.0,normal
435,352,Kecleon,Normal,Nil,440,135.0,110.0,90.0,80.0,140.0,60.0,110.0,normal
436,353,Shuppet,Ghost,Nil,295,119.0,95.0,55.0,83.0,53.0,65.0,95.0,normal
437,354,Banette,Ghost,Nil,455,139.0,135.0,85.0,103.0,83.0,85.0,135.0,normal
438,354,Mega Banette,Ghost,Nil,555,139.0,185.0,95.0,113.0,103.0,95.0,185.0,mega_evolution
439,355,Duskull,Ghost,Nil,295,95.0,60.0,110.0,50.0,110.0,45.0,60.0,normal
440,356,Dusclops,Ghost,Nil,455,115.0,90.0,150.0,80.0,150.0,45.0,90.0,normal
441,357,Tropius,Grass,Flying,460,174.0,88.0,103.0,92.0,107.0,71.0,92.0,normal
442,358,Chimecho,Psychic,Nil,455,150.0,70.0,100.0,115.0,110.0,85.0,115.0,normal
443,359,Absol,Dark,Nil,465,140.0,150.0,80.0,95.0,80.0,95.0,150.0,normal
444,359,Mega Absol,Dark,Nil,565,140.0,170.0,80.0,135.0,80.0,135.0,170.0,mega_evolution
445,360,Wynaut,Psychic,Nil,260,170.0,43.0,68.0,43.0,68.0,43.0,43.0,normal
446,361,Snorunt,Ice,Nil,300,125.0,70.0,70.0,70.0,70.0,70.0,70.0,normal
447,362,Glalie,Ice,Nil,480,155.0,100.0,100.0,100.0,100.0,100.0,100.0,normal
448,362,Mega Glalie,Ice,Nil,580,155.0,140.0,100.0,140.0,100.0,120.0,140.0,mega_evolution
449,363,Spheal,Ice,Water,290,145.0,60.0,70.0,75.0,70.0,45.0,75.0,normal
450,364,Sealeo,Ice,Water,410,165.0,80.0,90.0,95.0,90.0,65.0,95.0,normal
451,365,Walrein,Ice,Water,530,185.0,100.0,110.0,115.0,110.0,85.0,115.0,normal
452,366,Clamperl,Water,Nil,345,110.0,84.0,105.0,94.0,75.0,52.0,94.0,normal
453,367,Huntail,Water,Nil,485,130.0,124.0,125.0,114.0,95.0,72.0,124.0,normal
454,368,Gorebyss,Water,Nil,485,130.0,104.0,125.0,134.0,95.0,72.0,134.0,normal
455,369,Relicanth,Water,Rock,485,175.0,110.0,150.0,65.0,85.0,75.0,110.0,normal
456,370,Luvdisc,Water,Nil,330,118.0,50.0,75.0,60.0,85.0,117.0,60.0,normal
457,371,Bagon,Dragon,Nil,300,120.0,95.0,80.0,60.0,50.0,70.0,95.0,normal
458,372,Shelgon,Dragon,Nil,420,140.0,115.0,120.0,80.0,70.0,70.0,115.0,normal
459,373,Salamence,Dragon,Flying,600,170.0,155.0,100.0,130.0,100.0,120.0,155.0,normal
460,373,Mega Salamence,Dragon,Flying,700,170.0,165.0,150.0,140.0,110.0,140.0,165.0,mega_evolution
461,374,Beldum,Steel,Psychic,300,115.0,75.0,100.0,55.0,80.0,50.0,75.0,normal
462,375,Metang,Steel,Psychic,420,135.0,95.0,120.0,75.0,100.0,70.0,95.0,normal
463,376,Metagross,Steel,Psychic,600,155.0,155.0,150.0,115.0,110.0,90.0,155.0,normal
464,376,Mega Metagross,Steel,Psychic,700,155.0,165.0,170.0,125.0,130.0,130.0,165.0,mega_evolution
465,377,Regirock,Rock,Nil,580,155.0,120.0,220.0,70.0,120.0,70.0,120.0,sub_legendary
466,378,Regice,Ice,Nil,580,155.0,70.0,120.0,120.0,220.0,70.0,120.0,sub_legendary
467,379,Registeel,Steel,Nil,580,155.0,95.0,170.0,95.0,170.0,70.0,95.0,sub_legendary
468,380,Latias,Dragon,Psychic,600,155.0,100.0,110.0,130.0,150.0,130.0,130.0,sub_legendary
469,380,Mega Latias,Dragon,Psychic,700,155.0,120.0,140.0,160.0,170.0,130.0,160.0,mega_evolution
470,381,Latios,Dragon,Psychic,600,155.0,110.0,100.0,150.0,130.0,130.0,150.0,sub_legendary
471,381,Mega Latios,Dragon,Psychic,700,155.0,150.0,120.0,180.0,140.0,130.0,180.0,mega_evolution
472,382,Kyogre,Water,Nil,670,175.0,120.0,110.0,170.0,160.0,110.0,170.0,legendary
473,382,Kyogre Primal Kyogre,Water,Nil,770,175.0,170.0,110.0,200.0,180.0,110.0,200.0,legendary
474,383,Groudon,Ground,Nil,670,175.0,170.0,160.0,120.0,110.0,110.0,170.0,legendary
475,383,Groudon Primal Groudon,Ground,Fire,770,175.0,200.0,180.0,170.0,110.0,110.0,200.0,legendary
476,384,Rayquaza,Dragon,Flying,680,180.0,170.0,110.0,170.0,110.0,115.0,170.0,legendary
477,384,Mega Rayquaza,Dragon,Flying,780,180.0,200.0,120.0,200.0,120.0,135.0,200.0,mega_evolution
478,385,Jirachi,Steel,Psychic,600,175.0,120.0,120.0,120.0,120.0,120.0,120.0,mythical
479,386,Deoxys Normal Forme,Psychic,Nil,600,125.0,170.0,70.0,170.0,70.0,170.0,170.0,mythical
480,386,Deoxys Attack Forme,Psychic,Nil,600,125.0,200.0,40.0,200.0,40.0,170.0,200.0,mythical
481,386,Deoxys Defense Forme,Psychic,Nil,600,125.0,90.0,180.0,90.0,180.0,110.0,90.0,mythical
482,386,Deoxys Speed Forme,Psychic,Nil,600,125.0,115.0,110.0,115.0,110.0,200.0,115.0,mythical
483,387,Turtwig,Grass,Nil,318,130.0,88.0,84.0,65.0,75.0,51.0,88.0,normal
484,388,Grotle,Grass,Nil,405,150.0,109.0,105.0,75.0,85.0,56.0,109.0,normal
485,389,Torterra,Grass,Ground,525,170.0,129.0,125.0,95.0,105.0,76.0,129.0,normal
486,390,Chimchar,Fire,Nil,309,119.0,78.0,64.0,78.0,64.0,81.0,78.0,normal
487,391,Monferno,Fire,Fighting,405,139.0,98.0,72.0,98.0,72.0,101.0,98.0,normal
488,392,Infernape,Fire,Fighting,534,151.0,124.0,91.0,124.0,91.0,128.0,124.0,normal
489,393,Piplup,Water,Nil,314,128.0,71.0,73.0,81.0,76.0,60.0,81.0,normal
490,394,Prinplup,Water,Nil,405,139.0,86.0,88.0,101.0,96.0,70.0,101.0,normal
491,395,Empoleon,Water,Steel,530,159.0,106.0,108.0,131.0,121.0,80.0,131.0,normal
492,396,Starly,Normal,Flying,245,115.0,75.0,50.0,50.0,50.0,80.0,75.0,normal
493,397,Staravia,Normal,Flying,340,130.0,95.0,70.0,60.0,60.0,100.0,95.0,normal
494,398,Staraptor,Normal,Flying,485,160.0,140.0,90.0,70.0,80.0,120.0,140.0,normal
495,399,Bidoof,Normal,Nil,250,134.0,65.0,60.0,55.0,60.0,51.0,65.0,normal
496,400,Bibarel,Normal,Water,410,154.0,105.0,80.0,75.0,80.0,91.0,105.0,normal
497,401,Kricketot,Bug,Nil,194,112.0,45.0,61.0,45.0,61.0,45.0,45.0,normal
498,402,Kricketune,Bug,Nil,384,152.0,105.0,71.0,75.0,71.0,85.0,105.0,normal
499,403,Shinx,Electric,Nil,263,120.0,85.0,54.0,60.0,54.0,65.0,85.0,normal
500,404,Luxio,Electric,Nil,363,135.0,105.0,69.0,80.0,69.0,80.0,105.0,normal
501,405,Luxray,Electric,Nil,523,155.0,140.0,99.0,115.0,99.0,90.0,140.0,normal
502,406,Budew,Grass,Poison,280,115.0,50.0,55.0,70.0,90.0,75.0,70.0,normal
503,407,Roserade,Grass,Poison,515,135.0,90.0,85.0,145.0,125.0,110.0,145.0,normal
504,408,Cranidos,Rock,Nil,350,142.0,145.0,60.0,50.0,50.0,78.0,145.0,normal
505,409,Rampardos,Rock,Nil,495,172.0,185.0,80.0,85.0,70.0,78.0,185.0,normal
506,410,Shieldon,Rock,Steel,350,105.0,62.0,138.0,62.0,108.0,50.0,62.0,normal
507,411,Bastiodon,Rock,Steel,495,135.0,72.0,188.0,67.0,158.0,50.0,72.0,normal
508,412,Burmy Plant Cloak,Bug,Nil,224,115.0,49.0,65.0,49.0,65.0,56.0,49.0,normal
509,412,Burmy Sandy Cloak,Bug,Nil,224,115.0,49.0,65.0,49.0,65.0,56.0,49.0,normal
510,412,Burmy Trash Cloak,Bug,Nil,224,115.0,49.0,65.0,49.0,65.0,56.0,49.0,normal
511,413,Wormadam Plant Cloak,Bug,Grass,424,135.0,79.0,105.0,99.0,125.0,56.0,99.0,normal
512,413,Wormadam Sandy Cloak,Bug,Ground,424,135.0,99.0,125.0,79.0,105.0,56.0,99.0,normal
513,413,Wormadam Trash Cloak,Bug,Steel,424,135.0,89.0,115.0,89.0,115.0,56.0,89.0,normal
514,414,Mothim,Bug,Flying,424,145.0,114.0,70.0,114.0,70.0,86.0,114.0,normal
515,415,Combee,Bug,Flying,244,105.0,50.0,62.0,50.0,62.0,90.0,50.0,normal
516,416,Vespiquen,Bug,Flying,474,145.0,100.0,122.0,100.0,122.0,60.0,100.0,normal
517,417,Pachirisu,Electric,Nil,405,135.0,65.0,90.0,65.0,110.0,115.0,65.0,normal
518,418,Buizel,Water,Nil,330,130.0,85.0,55.0,80.0,50.0,105.0,85.0,normal
519,419,Floatzel,Water,Nil,495,160.0,125.0,75.0,105.0,70.0,135.0,125.0,normal
520,420,Cherubi,Grass,Nil,275,120.0,55.0,65.0,82.0,73.0,55.0,82.0,normal
521,421,Cherrim,Grass,Nil,450,145.0,80.0,90.0,107.0,98.0,105.0,107.0,normal
522,422,Shellos,Water,Nil,325,151.0,68.0,68.0,77.0,82.0,54.0,77.0,normal
523,423,Gastrodon,Water,Ground,475,186.0,103.0,88.0,112.0,102.0,59.0,112.0,normal
524,424,Ambipom,Normal,Nil,482,150.0,120.0,86.0,80.0,86.0,135.0,120.0,normal
525,425,Drifloon,Ghost,Flying,348,165.0,70.0,54.0,80.0,64.0,90.0,80.0,normal
526,426,Drifblim,Ghost,Flying,498,225.0,100.0,64.0,110.0,74.0,100.0,110.0,normal
527,427,Buneary,Normal,Nil,350,130.0,86.0,64.0,64.0,76.0,105.0,86.0,normal
528,428,Lopunny,Normal,Nil,480,140.0,96.0,104.0,74.0,116.0,125.0,96.0,normal
529,428,Mega Lopunny,Normal,Fighting,580,140.0,156.0,114.0,74.0,116.0,155.0,156.0,mega_evolution
530,429,Mismagius,Ghost,Nil,495,135.0,80.0,80.0,125.0,125.0,125.0,125.0,normal
531,430,Honchkrow,Dark,Flying,505,175.0,145.0,72.0,125.0,72.0,91.0,145.0,normal
532,431,Glameow,Normal,Nil,310,124.0,75.0,62.0,62.0,57.0,105.0,75.0,normal
533,432,Purugly,Normal,Nil,452,146.0,102.0,84.0,84.0,79.0,132.0,102.0,normal
534,433,Chingling,Psychic,Nil,285,120.0,50.0,70.0,85.0,70.0,65.0,85.0,normal
535,434,Stunky,Poison,Dark,329,138.0,83.0,67.0,61.0,61.0,94.0,83.0,normal
536,435,Skuntank,Poison,Dark,479,178.0,113.0,87.0,91.0,81.0,104.0,113.0,normal
537,436,Bronzor,Steel,Psychic,300,132.0,44.0,106.0,44.0,106.0,43.0,44.0,normal
538,437,Bronzong,Steel,Psychic,500,142.0,109.0,136.0,99.0,136.0,53.0,109.0,normal
539,438,Bonsly,Rock,Nil,290,125.0,100.0,115.0,30.0,65.0,30.0,100.0,normal
540,439,Mime Jr.,Psychic,Fairy,310,95.0,45.0,65.0,90.0,110.0,80.0,90.0,normal
541,440,Happiny,Normal,Nil,220,175.0,25.0,25.0,35.0,85.0,50.0,35.0,normal
542,441,Chatot,Normal,Flying,411,151.0,85.0,65.0,112.0,62.0,111.0,112.0,normal
543,442,Spiritomb,Ghost,Dark,485,125.0,112.0,128.0,112.0,128.0,55.0,112.0,normal
544,443,Gible,Dragon,Ground,300,133.0,90.0,65.0,60.0,65.0,62.0,90.0,normal
545,444,Gabite,Dragon,Ground,410,143.0,110.0,85.0,70.0,75.0,102.0,110.0,normal
546,445,Garchomp,Dragon,Ground,600,183.0,150.0,115.0,100.0,105.0,122.0,150.0,normal
547,445,Mega Garchomp,Dragon,Ground,700,183.0,190.0,135.0,140.0,115.0,112.0,190.0,mega_evolution
548,446,Munchlax,Normal,Nil,390,210.0,105.0,60.0,60.0,105.0,25.0,105.0,normal
549,447,Riolu,Fighting,Nil,285,115.0,90.0,60.0,55.0,60.0,80.0,90.0,normal
550,448,Lucario,Fighting,Steel,525,145.0,130.0,90.0,135.0,90.0,110.0,135.0,normal
551,448,Mega Lucario,Fighting,Steel,625,145.0,165.0,108.0,160.0,90.0,132.0,165.0,mega_evolution
552,449,Hippopotas,Ground,Nil,330,143.0,92.0,98.0,58.0,62.0,52.0,92.0,normal
553,450,Hippowdon,Ground,Nil,525,183.0,132.0,138.0,88.0,92.0,67.0,132.0,normal
554,451,Skorupi,Poison,Bug,330,115.0,70.0,110.0,50.0,75.0,85.0,70.0,normal
555,452,Drapion,Poison,Dark,500,145.0,110.0,130.0,80.0,95.0,115.0,110.0,normal
556,453,Croagunk,Poison,Fighting,300,123.0,81.0,60.0,81.0,60.0,70.0,81.0,normal
557,454,Toxicroak,Poison,Fighting,490,158.0,126.0,85.0,106.0,85.0,105.0,126.0,normal
558,455,Carnivine,Grass,Nil,454,149.0,120.0,92.0,110.0,92.0,66.0,120.0,normal
559,456,Finneon,Water,Nil,330,124.0,69.0,76.0,69.0,81.0,86.0,69.0,normal
560,457,Lumineon,Water,Nil,460,144.0,89.0,96.0,89.0,106.0,111.0,89.0,normal
561,458,Mantyke,Water,Flying,345,120.0,40.0,70.0,80.0,140.0,70.0,80.0,normal
562,459,Snover,Grass,Ice,334,135.0,82.0,70.0,82.0,80.0,60.0,82.0,normal
563,460,Abomasnow,Grass,Ice,494,165.0,112.0,95.0,112.0,105.0,80.0,112.0,normal
564,460,Mega Abomasnow,Grass,Ice,594,165.0,152.0,125.0,152.0,125.0,50.0,152.0,mega_evolution
565,461,Weavile,Dark,Ice,510,145.0,140.0,85.0,65.0,105.0,145.0,140.0,normal
566,462,Magnezone,Electric,Steel,535,145.0,90.0,135.0,150.0,110.0,80.0,150.0,normal
567,463,Lickilicky,Normal,Nil,515,185.0,105.0,115.0,100.0,115.0,70.0,105.0,normal
568,464,Rhyperior,Ground,Rock,535,190.0,160.0,150.0,75.0,75.0,60.0,160.0,normal
569,465,Tangrowth,Grass,Nil,535,175.0,120.0,145.0,130.0,70.0,70.0,130.0,normal
570,466,Electivire,Electric,Nil,540,150.0,143.0,87.0,115.0,105.0,115.0,143.0,normal
571,467,Magmortar,Fire,Nil,540,150.0,115.0,87.0,145.0,115.0,103.0,145.0,normal
572,468,Togekiss,Fairy,Flying,545,160.0,70.0,115.0,140.0,135.0,100.0,140.0,normal
573,469,Yanmega,Bug,Flying,515,161.0,96.0,106.0,136.0,76.0,115.0,136.0,normal
574,470,Leafeon,Grass,Nil,525,140.0,130.0,150.0,80.0,85.0,115.0,130.0,normal
575,471,Glaceon,Ice,Nil,525,140.0,80.0,130.0,150.0,115.0,85.0,150.0,normal
576,472,Gliscor,Ground,Flying,510,150.0,115.0,145.0,65.0,95.0,115.0,115.0,normal
577,473,Mamoswine,Ice,Ground,530,185.0,150.0,100.0,90.0,80.0,100.0,150.0,normal
578,474,Porygon-Z,Normal,Nil,535,160.0,100.0,90.0,155.0,95.0,110.0,155.0,normal
579,475,Gallade,Psychic,Fighting,518,143.0,145.0,85.0,85.0,135.0,100.0,145.0,normal
580,475,Mega Gallade,Psychic,Fighting,618,143.0,185.0,115.0,85.0,135.0,130.0,185.0,mega_evolution
581,476,Probopass,Rock,Steel,525,135.0,75.0,165.0,95.0,170.0,60.0,95.0,normal
582,477,Dusknoir,Ghost,Nil,525,120.0,120.0,155.0,85.0,155.0,65.0,120.0,normal
583,478,Froslass,Ice,Ghost,480,145.0,100.0,90.0,100.0,90.0,130.0,100.0,normal
584,479,Rotom,Electric,Ghost,440,125.0,70.0,97.0,115.0,97.0,111.0,115.0,normal
585,479,Rotom Heat Rotom,Electric,Fire,520,125.0,85.0,127.0,125.0,127.0,106.0,125.0,normal
586,479,Rotom Wash Rotom,Electric,Water,520,125.0,85.0,127.0,125.0,127.0,106.0,125.0,normal
587,479,Rotom Frost Rotom,Electric,Ice,520,125.0,85.0,127.0,125.0,127.0,106.0,125.0,normal
588,479,Rotom Fan Rotom,Electric,Flying,520,125.0,85.0,127.0,125.0,127.0,106.0,125.0,normal
589,479,Rotom Mow Rotom,Electric,Grass,520,125.0,85.0,127.0,125.0,127.0,106.0,125.0,normal
590,480,Uxie,Psychic,Nil,580,150.0,95.0,150.0,95.0,150.0,115.0,95.0,sub_legendary
591,481,Mesprit,Psychic,Nil,580,155.0,125.0,125.0,125.0,125.0,100.0,125.0,sub_legendary
592,482,Azelf,Psychic,Nil,580,150.0,145.0,90.0,145.0,90.0,135.0,145.0,sub_legendary
593,483,Dialga,Steel,Dragon,680,175.0,140.0,140.0,170.0,120.0,110.0,170.0,legendary
594,483,Dialga Origin Forme,Steel,Dragon,680,175.0,120.0,140.0,170.0,140.0,110.0,170.0,legendary
595,484,Palkia,Water,Dragon,680,165.0,140.0,120.0,170.0,140.0,120.0,170.0,legendary
596,484,Palkia Origin Forme,Water,Dragon,680,165.0,120.0,120.0,170.0,140.0,140.0,170.0,legendary
597,485,Heatran,Fire,Steel,600,166.0,110.0,126.0,150.0,126.0,97.0,150.0,sub_legendary
598,486,Regigigas,Normal,Nil,670,185.0,180.0,130.0,100.0,130.0,120.0,180.0,sub_legendary
599,487,Giratina Altered Forme,Ghost,Dragon,680,225.0,120.0,140.0,120.0,140.0,110.0,120.0,legendary
600,487,Giratina Origin Forme,Ghost,Dragon,680,225.0,140.0,120.0,140.0,120.0,110.0,140.0,legendary
601,488,Cresselia,Psychic,Nil,580,195.0,90.0,130.0,95.0,140.0,105.0,95.0,sub_legendary
602,489,Phione,Water,Nil,480,155.0,100.0,100.0,100.0,100.0,100.0,100.0,mythical
603,490,Manaphy,Water,Nil,600,175.0,120.0,120.0,120.0,120.0,120.0,120.0,mythical
604,491,Darkrai,Dark,Nil,600,145.0,110.0,110.0,155.0,110.0,145.0,155.0,mythical
605,492,Shaymin Land Forme,Grass,Nil,600,175.0,120.0,120.0,120.0,120.0,120.0,120.0,mythical
606,492,Shaymin Sky Forme,Grass,Flying,600,175.0,123.0,95.0,140.0,95.0,147.0,140.0,mythical
607,493,Arceus,Normal,Nil,720,195.0,140.0,140.0,140.0,140.0,140.0,140.0,mythical
608,494,Victini,Psychic,Fire,600,175.0,120.0,120.0,120.0,120.0,120.0,120.0,mythical
609,495,Snivy,Grass,Nil,308,120.0,65.0,75.0,65.0,75.0,83.0,65.0,normal
610,496,Servine,Grass,Nil,413,135.0,80.0,95.0,80.0,95.0,103.0,80.0,normal
611,497,Serperior,Grass,Nil,528,150.0,95.0,115.0,95.0,115.0,133.0,95.0,normal
612,498,Tepig,Fire,Nil,308,140.0,83.0,65.0,65.0,65.0,65.0,83.0,normal
613,499,Pignite,Fire,Fighting,418,165.0,113.0,75.0,90.0,75.0,75.0,113.0,normal
614,500,Emboar,Fire,Fighting,528,185.0,143.0,85.0,120.0,85.0,85.0,143.0,normal
615,501,Oshawott,Water,Nil,308,130.0,75.0,65.0,83.0,65.0,65.0,83.0,normal
616,502,Dewott,Water,Nil,413,150.0,95.0,80.0,103.0,80.0,80.0,103.0,normal
617,503,Samurott,Water,Nil,528,170.0,120.0,105.0,128.0,90.0,90.0,128.0,normal
618,503,Hisuian Samurott,Water,Dark,528,165.0,128.0,100.0,120.0,85.0,105.0,128.0,normal
619,504,Patrat,Normal,Nil,255,120.0,75.0,59.0,55.0,59.0,62.0,75.0,normal
620,505,Watchog,Normal,Nil,420,135.0,105.0,89.0,80.0,89.0,97.0,105.0,normal
621,506,Lillipup,Normal,Nil,275,120.0,80.0,65.0,45.0,65.0,75.0,80.0,normal
622,507,Herdier,Normal,Nil,370,140.0,100.0,85.0,55.0,85.0,80.0,100.0,normal
623,508,Stoutland,Normal,Nil,500,160.0,130.0,110.0,65.0,110.0,100.0,130.0,normal
624,509,Purrloin,Dark,Nil,281,116.0,70.0,57.0,70.0,57.0,86.0,70.0,normal
625,510,Liepard,Dark,Nil,446,139.0,108.0,70.0,108.0,70.0,126.0,108.0,normal
626,511,Pansage,Grass,Nil,316,125.0,73.0,68.0,73.0,68.0,84.0,73.0,normal
627,512,Simisage,Grass,Nil,498,150.0,118.0,83.0,118.0,83.0,121.0,118.0,normal
628,513,Pansear,Fire,Nil,316,125.0,73.0,68.0,73.0,68.0,84.0,73.0,normal
629,514,Simisear,Fire,Nil,498,150.0,118.0,83.0,118.0,83.0,121.0,118.0,normal
630,515,Panpour,Water,Nil,316,125.0,73.0,68.0,73.0,68.0,84.0,73.0,normal
631,516,Simipour,Water,Nil,498,150.0,118.0,83.0,118.0,83.0,121.0,118.0,normal
632,517,Munna,Psychic,Nil,292,151.0,45.0,65.0,87.0,75.0,44.0,87.0,normal
633,518,Musharna,Psychic,Nil,487,191.0,75.0,105.0,127.0,115.0,49.0,127.0,normal
634,519,Pidove,Normal,Flying,264,125.0,75.0,70.0,56.0,50.0,63.0,75.0,normal
635,520,Tranquill,Normal,Flying,358,137.0,97.0,82.0,70.0,62.0,85.0,97.0,normal
636,521,Unfezant,Normal,Flying,488,155.0,135.0,100.0,85.0,75.0,113.0,135.0,normal
637,522,Blitzle,Electric,Nil,295,120.0,80.0,52.0,70.0,52.0,96.0,80.0,normal
638,523,Zebstrika,Electric,Nil,497,150.0,120.0,83.0,100.0,83.0,136.0,120.0,normal
639,524,Roggenrola,Rock,Nil,280,130.0,95.0,105.0,45.0,45.0,35.0,95.0,normal
640,525,Boldore,Rock,Nil,390,145.0,125.0,125.0,70.0,60.0,40.0,125.0,normal
641,526,Gigalith,Rock,Nil,515,160.0,155.0,150.0,80.0,100.0,45.0,155.0,normal
642,527,Woobat,Psychic,Flying,323,140.0,65.0,63.0,75.0,63.0,92.0,75.0,normal
643,528,Swoobat,Psychic,Flying,425,142.0,77.0,75.0,97.0,75.0,134.0,97.0,normal
644,529,Drilbur,Ground,Nil,328,135.0,105.0,60.0,50.0,65.0,88.0,105.0,normal
645,530,Excadrill,Ground,Steel,508,185.0,155.0,80.0,70.0,85.0,108.0,155.0,normal
646,531,Audino,Normal,Nil,445,178.0,80.0,106.0,80.0,106.0,70.0,80.0,normal
647,531,Mega Audino,Normal,Fairy,545,178.0,80.0,146.0,100.0,146.0,70.0,100.0,mega_evolution
648,532,Timburr,Fighting,Nil,305,150.0,100.0,75.0,45.0,55.0,55.0,100.0,normal
649,533,Gurdurr,Fighting,Nil,405,160.0,125.0,105.0,60.0,70.0,60.0,125.0,normal
650,534,Conkeldurr,Fighting,Nil,505,180.0,160.0,115.0,75.0,85.0,65.0,160.0,normal
651,535,Tympole,Water,Nil,294,125.0,70.0,60.0,70.0,60.0,84.0,70.0,normal
652,536,Palpitoad,Water,Ground,384,150.0,85.0,75.0,85.0,75.0,89.0,85.0,normal
653,537,Seismitoad,Water,Ground,509,180.0,115.0,95.0,105.0,95.0,94.0,115.0,normal
654,538,Throh,Fighting,Nil,465,195.0,120.0,105.0,50.0,105.0,65.0,120.0,normal
655,539,Sawk,Fighting,Nil,465,150.0,145.0,95.0,50.0,95.0,105.0,145.0,normal
656,540,Sewaddle,Bug,Grass,310,120.0,73.0,90.0,60.0,80.0,62.0,73.0,normal
657,541,Swadloon,Bug,Grass,380,130.0,83.0,110.0,70.0,100.0,62.0,83.0,normal
658,542,Leavanny,Bug,Grass,500,150.0,123.0,100.0,90.0,100.0,112.0,123.0,normal
659,543,Venipede,Bug,Poison,260,105.0,65.0,79.0,50.0,59.0,77.0,65.0,normal
660,544,Whirlipede,Bug,Poison,360,115.0,75.0,119.0,60.0,99.0,67.0,75.0,normal
661,545,Scolipede,Bug,Poison,485,135.0,120.0,109.0,75.0,89.0,132.0,120.0,normal
662,546,Cottonee,Grass,Fairy,280,115.0,47.0,80.0,57.0,70.0,86.0,57.0,normal
663,547,Whimsicott,Grass,Fairy,480,135.0,87.0,105.0,97.0,95.0,136.0,97.0,normal
664,548,Petilil,Grass,Nil,280,120.0,55.0,70.0,90.0,70.0,50.0,90.0,normal
665,549,Lilligant,Grass,Nil,480,145.0,80.0,95.0,130.0,95.0,110.0,130.0,normal
666,549,Hisuian Lilligant,Grass,Fighting,480,145.0,125.0,95.0,70.0,95.0,125.0,125.0,normal
667,550,Basculin Red-Striped Form,Water,Nil,460,145.0,112.0,85.0,100.0,75.0,118.0,112.0,normal
668,550,Basculin Blue-Striped Form,Water,Nil,460,145.0,112.0,85.0,100.0,75.0,118.0,112.0,normal
669,550,Basculin White-Striped Form,Water,Nil,460,145.0,112.0,85.0,100.0,75.0,118.0,112.0,normal
670,551,Sandile,Ground,Dark,292,125.0,92.0,55.0,55.0,55.0,85.0,92.0,normal
671,552,Krokorok,Ground,Dark,351,135.0,102.0,65.0,65.0,65.0,94.0,102.0,normal
672,553,Krookodile,Ground,Dark,519,170.0,137.0,100.0,85.0,90.0,112.0,137.0,normal
673,554,Darumaka,Fire,Nil,315,145.0,110.0,65.0,35.0,65.0,70.0,110.0,normal
674,554,Galarian Darumaka,Ice,Nil,315,145.0,110.0,65.0,35.0,65.0,70.0,110.0,normal
675,555,Darmanitan Standard Mode,Fire,Nil,480,180.0,160.0,75.0,50.0,75.0,115.0,160.0,normal
676,555,Darmanitan Zen Mode,Fire,Psychic,540,180.0,50.0,125.0,160.0,125.0,75.0,160.0,normal
677,555,Galarian Darmanitan Standard Mode,Ice,Nil,480,180.0,160.0,75.0,50.0,75.0,115.0,160.0,normal
678,555,Galarian Darmanitan Zen Mode,Ice,Fire,540,180.0,180.0,75.0,50.0,75.0,155.0,180.0,normal
679,556,Maractus,Grass,Nil,461,150.0,106.0,87.0,126.0,87.0,80.0,126.0,normal
680,557,Dwebble,Bug,Rock,325,125.0,85.0,105.0,55.0,55.0,75.0,85.0,normal
681,558,Crustle,Bug,Rock,485,145.0,125.0,145.0,85.0,95.0,65.0,125.0,normal
682,559,Scraggy,Dark,Fighting,348,125.0,95.0,90.0,55.0,90.0,68.0,95.0,normal
683,560,Scrafty,Dark,Fighting,488,140.0,110.0,135.0,65.0,135.0,78.0,110.0,normal
684,561,Sigilyph,Psychic,Flying,490,147.0,78.0,100.0,123.0,100.0,117.0,123.0,normal
685,562,Yamask,Ghost,Nil,303,113.0,50.0,105.0,75.0,85.0,50.0,75.0,normal
686,562,Galarian Yamask,Ground,Ghost,303,113.0,75.0,105.0,50.0,85.0,50.0,75.0,normal
687,563,Cofagrigus,Ghost,Nil,483,133.0,70.0,165.0,115.0,125.0,50.0,115.0,normal
688,564,Tirtouga,Water,Rock,355,129.0,98.0,123.0,73.0,65.0,42.0,98.0,normal
689,565,Carracosta,Water,Rock,495,149.0,128.0,153.0,103.0,85.0,52.0,128.0,normal
690,566,Archen,Rock,Flying,401,130.0,132.0,65.0,94.0,65.0,90.0,132.0,normal
691,567,Archeops,Rock,Flying,567,150.0,160.0,85.0,132.0,85.0,130.0,160.0,normal
692,568,Trubbish,Poison,Nil,329,125.0,70.0,82.0,60.0,82.0,85.0,70.0,normal
693,569,Garbodor,Poison,Nil,474,155.0,115.0,102.0,80.0,102.0,95.0,115.0,normal
694,570,Zorua,Dark,Nil,330,115.0,85.0,60.0,100.0,60.0,85.0,100.0,normal
695,570,Hisuian Zorua,Normal,Ghost,330,110.0,80.0,60.0,105.0,60.0,90.0,105.0,normal
696,571,Zoroark,Dark,Nil,510,135.0,125.0,80.0,140.0,80.0,125.0,140.0,normal
697,571,Hisuian Zoroark,Normal,Ghost,510,130.0,120.0,80.0,145.0,80.0,130.0,145.0,normal
698,572,Minccino,Normal,Nil,300,130.0,70.0,60.0,60.0,60.0,95.0,70.0,normal
699,573,Cinccino,Normal,Nil,470,150.0,115.0,80.0,85.0,80.0,135.0,115.0,normal
700,574,Gothita,Psychic,Nil,290,120.0,50.0,70.0,75.0,85.0,65.0,75.0,normal
701,575,Gothorita,Psychic,Nil,390,135.0,65.0,90.0,95.0,105.0,75.0,95.0,normal
702,576,Gothitelle,Psychic,Nil,490,145.0,75.0,115.0,115.0,130.0,85.0,115.0,normal
703,577,Solosis,Psychic,Nil,290,120.0,50.0,60.0,125.0,70.0,40.0,125.0,normal
704,578,Duosion,Psychic,Nil,370,140.0,60.0,70.0,145.0,80.0,50.0,145.0,normal
705,579,Reuniclus,Psychic,Nil,490,185.0,85.0,95.0,145.0,105.0,50.0,145.0,normal
706,580,Ducklett,Water,Flying,305,137.0,64.0,70.0,64.0,70.0,75.0,64.0,normal
707,581,Swanna,Water,Flying,473,150.0,107.0,83.0,107.0,83.0,118.0,107.0,normal
708,582,Vanillite,Ice,Nil,305,111.0,70.0,70.0,85.0,80.0,64.0,85.0,normal
709,583,Vanillish,Ice,Nil,395,126.0,85.0,85.0,100.0,95.0,79.0,100.0,normal
710,584,Vanilluxe,Ice,Nil,535,146.0,115.0,105.0,130.0,115.0,99.0,130.0,normal
711,585,Deerling,Normal,Grass,335,135.0,80.0,70.0,60.0,70.0,95.0,80.0,normal
712,586,Sawsbuck,Normal,Grass,475,155.0,120.0,90.0,80.0,90.0,115.0,120.0,normal
713,587,Emolga,Electric,Flying,428,130.0,95.0,80.0,95.0,80.0,123.0,95.0,normal
714,588,Karrablast,Bug,Nil,315,125.0,95.0,65.0,60.0,65.0,80.0,95.0,normal
715,589,Escavalier,Bug,Steel,495,145.0,155.0,125.0,80.0,125.0,40.0,155.0,normal
716,590,Foongus,Grass,Poison,294,144.0,75.0,65.0,75.0,75.0,35.0,75.0,normal
717,591,Amoonguss,Grass,Poison,464,189.0,105.0,90.0,105.0,100.0,50.0,105.0,normal
718,592,Frillish,Water,Ghost,335,130.0,60.0,70.0,85.0,105.0,60.0,85.0,normal
719,593,Jellicent,Water,Ghost,480,175.0,80.0,90.0,105.0,125.0,80.0,105.0,normal
720,594,Alomomola,Water,Nil,470,240.0,95.0,100.0,60.0,65.0,85.0,95.0,normal
721,595,Joltik,Bug,Electric,319,125.0,67.0,70.0,77.0,70.0,85.0,77.0,normal
722,596,Galvantula,Bug,Electric,472,145.0,97.0,80.0,117.0,80.0,128.0,117.0,normal
723,597,Ferroseed,Grass,Steel,305,119.0,70.0,111.0,44.0,106.0,30.0,70.0,normal
724,598,Ferrothorn,Grass,Steel,489,149.0,114.0,151.0,74.0,136.0,40.0,114.0,normal
725,599,Klink,Steel,Nil,300,115.0,75.0,90.0,65.0,80.0,50.0,75.0,normal
726,600,Klang,Steel,Nil,440,135.0,100.0,115.0,90.0,105.0,70.0,100.0,normal
727,601,Klinklang,Steel,Nil,520,135.0,120.0,135.0,90.0,105.0,110.0,120.0,normal
728,602,Tynamo,Electric,Nil,275,110.0,75.0,60.0,65.0,60.0,80.0,75.0,normal
729,603,Eelektrik,Electric,Nil,405,140.0,105.0,90.0,95.0,90.0,60.0,105.0,normal
730,604,Eelektross,Electric,Nil,515,160.0,135.0,100.0,125.0,100.0,70.0,135.0,normal
731,605,Elgyem,Psychic,Nil,335,130.0,75.0,75.0,105.0,75.0,50.0,105.0,normal
732,606,Beheeyem,Psychic,Nil,485,150.0,95.0,95.0,145.0,115.0,60.0,145.0,normal
733,607,Litwick,Ghost,Fire,275,125.0,50.0,75.0,85.0,75.0,40.0,85.0,normal
734,608,Lampent,Ghost,Fire,370,135.0,60.0,80.0,115.0,80.0,75.0,115.0,normal
735,609,Chandelure,Ghost,Fire,520,135.0,75.0,110.0,165.0,110.0,100.0,165.0,normal
736,610,Axew,Dragon,Nil,320,121.0,107.0,80.0,50.0,60.0,77.0,107.0,normal
737,611,Fraxure,Dragon,Nil,410,141.0,137.0,90.0,60.0,70.0,87.0,137.0,normal
738,612,Haxorus,Dragon,Nil,540,151.0,167.0,110.0,80.0,90.0,117.0,167.0,normal
739,613,Cubchoo,Ice,Nil,305,130.0,90.0,60.0,80.0,60.0,60.0,90.0,normal
740,614,Beartic,Ice,Nil,505,170.0,150.0,100.0,90.0,100.0,70.0,150.0,normal
741,615,Cryogonal,Ice,Nil,515,155.0,70.0,70.0,115.0,155.0,125.0,115.0,normal
742,616,Shelmet,Bug,Nil,305,125.0,60.0,105.0,60.0,85.0,45.0,60.0,normal
743,617,Accelgor,Bug,Nil,495,155.0,90.0,60.0,120.0,80.0,165.0,120.0,normal
744,618,Stunfisk,Ground,Electric,471,184.0,86.0,104.0,101.0,119.0,52.0,101.0,normal
745,618,Galarian Stunfisk,Ground,Steel,471,184.0,101.0,119.0,86.0,104.0,52.0,101.0,normal
746,619,Mienfoo,Fighting,Nil,350,120.0,105.0,70.0,75.0,70.0,85.0,105.0,normal
747,620,Mienshao,Fighting,Nil,510,140.0,145.0,80.0,115.0,80.0,125.0,145.0,normal
748,621,Druddigon,Dragon,Nil,485,152.0,140.0,110.0,80.0,110.0,68.0,140.0,normal
749,622,Golett,Ground,Ghost,303,134.0,94.0,70.0,55.0,70.0,55.0,94.0,normal
750,623,Golurk,Ground,Ghost,483,164.0,144.0,100.0,75.0,100.0,75.0,144.0,normal
751,624,Pawniard,Dark,Steel,340,120.0,105.0,90.0,60.0,60.0,80.0,105.0,normal
752,625,Bisharp,Dark,Steel,490,140.0,145.0,120.0,80.0,90.0,90.0,145.0,normal
753,626,Bouffalant,Normal,Nil,490,170.0,130.0,115.0,60.0,115.0,75.0,130.0,normal
754,627,Rufflet,Normal,Flying,350,145.0,103.0,70.0,57.0,70.0,80.0,103.0,normal
755,628,Braviary,Normal,Flying,510,175.0,143.0,95.0,77.0,95.0,100.0,143.0,normal
756,628,Hisuian Braviary,Psychic,Flying,510,185.0,103.0,90.0,132.0,90.0,85.0,132.0,normal
757,629,Vullaby,Dark,Flying,370,145.0,75.0,95.0,65.0,85.0,80.0,75.0,normal
758,630,Mandibuzz,Dark,Flying,510,185.0,85.0,125.0,75.0,115.0,100.0,85.0,normal
759,631,Heatmor,Fire,Nil,484,160.0,117.0,86.0,125.0,86.0,85.0,125.0,normal
760,632,Durant,Bug,Steel,484,133.0,129.0,132.0,68.0,68.0,129.0,129.0,normal
761,633,Deino,Dark,Dragon,300,127.0,85.0,70.0,65.0,70.0,58.0,85.0,normal
762,634,Zweilous,Dark,Dragon,420,147.0,105.0,90.0,85.0,90.0,78.0,105.0,normal
763,635,Hydreigon,Dark,Dragon,600,167.0,125.0,110.0,145.0,110.0,118.0,145.0,normal
764,636,Larvesta,Bug,Fire,360,130.0,105.0,75.0,70.0,75.0,80.0,105.0,normal
765,637,Volcarona,Bug,Fire,550,160.0,80.0,85.0,155.0,125.0,120.0,155.0,normal
766,638,Cobalion,Steel,Fighting,580,166.0,110.0,149.0,110.0,92.0,128.0,110.0,sub_legendary
767,639,Terrakion,Rock,Fighting,580,166.0,149.0,110.0,92.0,110.0,128.0,149.0,sub_legendary
768,640,Virizion,Grass,Fighting,580,166.0,110.0,92.0,110.0,149.0,128.0,110.0,sub_legendary
769,641,Tornadus Incarnate Forme,Flying,Nil,580,154.0,135.0,90.0,145.0,100.0,131.0,145.0,sub_legendary
770,641,Tornadus Therian Forme,Flying,Nil,580,154.0,120.0,100.0,130.0,110.0,141.0,130.0,sub_legendary
771,642,Thundurus Incarnate Forme,Electric,Flying,580,154.0,135.0,90.0,145.0,100.0,131.0,145.0,sub_legendary
772,642,Thundurus Therian Forme,Electric,Flying,580,154.0,125.0,90.0,165.0,100.0,121.0,165.0,sub_legendary
773,643,Reshiram,Dragon,Fire,680,175.0,140.0,120.0,170.0,140.0,110.0,170.0,legendary
774,644,Zekrom,Dragon,Electric,680,175.0,170.0,140.0,140.0,120.0,110.0,170.0,legendary
775,645,Landorus Incarnate Forme,Ground,Flying,600,164.0,145.0,110.0,135.0,100.0,121.0,145.0,sub_legendary
776,645,Landorus Therian Forme,Ground,Flying,600,164.0,165.0,110.0,125.0,100.0,111.0,165.0,sub_legendary
777,646,Kyurem,Dragon,Ice,660,200.0,150.0,110.0,150.0,110.0,115.0,150.0,legendary
778,646,Kyurem White Kyurem,Dragon,Ice,700,200.0,140.0,110.0,190.0,120.0,115.0,190.0,legendary
779,646,Kyurem Black Kyurem,Dragon,Ice,700,200.0,190.0,120.0,140.0,110.0,115.0,190.0,legendary
780,647,Keldeo Ordinary Form,Water,Fighting,580,166.0,92.0,110.0,149.0,110.0,128.0,149.0,mythical
781,647,Keldeo Resolute Form,Water,Fighting,580,166.0,92.0,110.0,149.0,110.0,128.0,149.0,mythical
782,648,Meloetta Aria Forme,Normal,Psychic,600,175.0,97.0,97.0,148.0,148.0,110.0,148.0,mythical
783,648,Meloetta Pirouette Forme,Normal,Fighting,600,175.0,148.0,110.0,97.0,97.0,148.0,148.0,mythical
784,649,Genesect,Bug,Steel,600,146.0,140.0,115.0,140.0,115.0,119.0,140.0,mythical
785,650,Chespin,Grass,Nil,313,131.0,81.0,85.0,68.0,65.0,58.0,81.0,normal
786,651,Quilladin,Grass,Nil,405,136.0,98.0,115.0,76.0,78.0,77.0,98.0,normal
787,652,Chesnaught,Grass,Fighting,530,163.0,127.0,142.0,94.0,95.0,84.0,127.0,normal
788,653,Fennekin,Fire,Nil,307,115.0,65.0,60.0,82.0,80.0,80.0,82.0,normal
789,654,Braixen,Fire,Nil,409,134.0,79.0,78.0,110.0,90.0,93.0,110.0,normal
790,655,Delphox,Fire,Psychic,534,150.0,89.0,92.0,134.0,120.0,124.0,134.0,normal
791,656,Froakie,Water,Nil,314,116.0,76.0,60.0,82.0,64.0,91.0,82.0,normal
792,657,Frogadier,Water,Nil,405,129.0,83.0,72.0,103.0,76.0,117.0,103.0,normal
793,658,Greninja,Water,Dark,530,147.0,115.0,87.0,123.0,91.0,142.0,123.0,normal
794,658,Ash-Greninja,Water,Dark,640,147.0,165.0,87.0,173.0,91.0,152.0,173.0,normal
795,659,Bunnelby,Normal,Nil,237,113.0,56.0,58.0,52.0,56.0,77.0,56.0,normal
796,660,Diggersby,Normal,Ground,423,160.0,76.0,97.0,70.0,97.0,98.0,76.0,normal
797,661,Fletchling,Normal,Flying,278,120.0,70.0,63.0,60.0,58.0,82.0,70.0,normal
798,662,Fletchinder,Fire,Flying,382,137.0,93.0,75.0,76.0,72.0,104.0,93.0,normal
799,663,Talonflame,Fire,Flying,499,153.0,101.0,91.0,94.0,89.0,146.0,101.0,normal
800,664,Scatterbug,Bug,Nil,200,113.0,55.0,60.0,47.0,45.0,55.0,55.0,normal
801,665,Spewpa,Bug,Nil,213,120.0,42.0,80.0,47.0,50.0,49.0,47.0,normal
802,666,Vivillon,Bug,Flying,411,155.0,72.0,70.0,110.0,70.0,109.0,110.0,normal
803,667,Litleo,Fire,Normal,369,137.0,70.0,78.0,93.0,74.0,92.0,93.0,normal
804,668,Pyroar,Fire,Normal,507,161.0,88.0,92.0,129.0,86.0,126.0,129.0,normal
805,669,Flabébé,Fairy,Nil,303,119.0,58.0,59.0,81.0,99.0,62.0,81.0,normal
806,670,Floette,Fairy,Nil,371,129.0,65.0,67.0,95.0,118.0,72.0,95.0,normal
807,671,Florges,Fairy,Nil,552,153.0,85.0,88.0,132.0,174.0,95.0,132.0,normal
808,672,Skiddo,Grass,Nil,350,141.0,85.0,68.0,82.0,77.0,72.0,85.0,normal
809,673,Gogoat,Grass,Nil,531,198.0,120.0,82.0,117.0,101.0,88.0,120.0,normal
810,674,Pancham,Fighting,Nil,348,142.0,102.0,82.0,66.0,68.0,63.0,102.0,normal
811,675,Pangoro,Fighting,Dark,495,170.0,144.0,98.0,89.0,91.0,78.0,144.0,normal
812,676,Furfrou,Normal,Nil,472,150.0,100.0,80.0,85.0,110.0,122.0,100.0,normal
813,677,Espurr,Psychic,Nil,355,137.0,68.0,74.0,83.0,80.0,88.0,83.0,normal
814,678,Meowstic Male,Psychic,Nil,466,149.0,68.0,96.0,103.0,101.0,124.0,103.0,normal
815,678,Meowstic Female,Psychic,Nil,466,149.0,68.0,96.0,103.0,101.0,124.0,103.0,normal
816,679,Honedge,Steel,Ghost,325,120.0,100.0,120.0,55.0,57.0,48.0,100.0,normal
817,680,Doublade,Steel,Ghost,448,134.0,130.0,170.0,65.0,69.0,55.0,130.0,normal
818,681,Aegislash Shield Forme,Steel,Ghost,500,135.0,70.0,160.0,70.0,160.0,80.0,70.0,normal
819,681,Aegislash Blade Forme,Steel,Ghost,500,135.0,160.0,70.0,160.0,70.0,80.0,160.0,normal
820,682,Spritzee,Fairy,Nil,341,153.0,72.0,80.0,83.0,85.0,43.0,83.0,normal
821,683,Aromatisse,Fairy,Nil,462,176.0,92.0,92.0,119.0,109.0,49.0,119.0,normal
822,684,Swirlix,Fairy,Nil,341,137.0,68.0,86.0,79.0,77.0,69.0,79.0,normal
823,685,Slurpuff,Fairy,Nil,480,157.0,100.0,106.0,105.0,95.0,92.0,105.0,normal
824,686,Inkay,Dark,Psychic,288,128.0,74.0,73.0,57.0,66.0,65.0,74.0,normal
825,687,Malamar,Dark,Psychic,482,161.0,112.0,108.0,88.0,95.0,93.0,112.0,normal
826,687,Mega Malamar,Dark,Psychic,582,161.0,122.0,108.0,118.0,140.0,108.0,122.0,mega_evolution
827,688,Binacle,Rock,Water,306,117.0,72.0,87.0,59.0,76.0,70.0,72.0,normal
828,689,Barbaracle,Rock,Water,500,147.0,125.0,135.0,74.0,106.0,88.0,125.0,normal
829,690,Skrelp,Poison,Water,320,125.0,80.0,80.0,80.0,80.0,50.0,80.0,normal
830,691,Dragalge,Poison,Dragon,494,140.0,95.0,110.0,117.0,143.0,64.0,117.0,normal
831,692,Clauncher,Water,Nil,330,125.0,73.0,82.0,78.0,83.0,64.0,78.0,normal
832,693,Clawitzer,Water,Nil,500,146.0,93.0,108.0,140.0,109.0,79.0,140.0,normal
833,694,Helioptile,Electric,Normal,289,119.0,58.0,53.0,81.0,63.0,90.0,81.0,normal
834,695,Heliolisk,Electric,Normal,481,137.0,75.0,72.0,129.0,114.0,129.0,129.0,normal
835,696,Tyrunt,Rock,Dragon,362,133.0,109.0,97.0,65.0,65.0,68.0,109.0,normal
836,697,Tyrantrum,Rock,Dragon,521,157.0,141.0,139.0,89.0,79.0,91.0,141.0,normal
837,698,Amaura,Rock,Ice,362,152.0,79.0,70.0,87.0,83.0,66.0,87.0,normal
838,699,Aurorus,Rock,Ice,521,198.0,97.0,92.0,119.0,112.0,78.0,119.0,normal
839,700,Sylveon,Fairy,Nil,525,170.0,85.0,85.0,130.0,150.0,80.0,130.0,normal
840,701,Hawlucha,Fighting,Flying,500,153.0,112.0,95.0,94.0,83.0,138.0,112.0,normal
841,701,Mega Hawlucha,Fighting,Flying,600,153.0,157.0,120.0,94.0,113.0,138.0,157.0,mega_evolution
842,702,Dedenne,Electric,Fairy,431,142.0,78.0,77.0,101.0,87.0,121.0,101.0,normal
843,703,Carbink,Rock,Fairy,500,125.0,70.0,170.0,70.0,170.0,70.0,70.0,normal
844,704,Goomy,Dragon,Nil,300,120.0,70.0,55.0,75.0,95.0,60.0,75.0,normal
845,705,Sliggoo,Dragon,Nil,452,143.0,95.0,73.0,103.0,133.0,80.0,103.0,normal
846,705,Hisuian Sliggoo,Steel,Dragon,452,133.0,95.0,103.0,103.0,133.0,60.0,103.0,normal
847,706,Goodra,Dragon,Nil,600,165.0,120.0,90.0,130.0,170.0,100.0,130.0,normal
848,706,Hisuian Goodra,Steel,Dragon,600,155.0,120.0,120.0,130.0,170.0,80.0,130.0,normal
849,707,Klefki,Steel,Fairy,470,132.0,100.0,111.0,100.0,107.0,95.0,100.0,normal
850,708,Phantump,Ghost,Grass,309,118.0,90.0,68.0,70.0,80.0,58.0,90.0,normal
851,709,Trevenant,Ghost,Grass,474,160.0,130.0,96.0,85.0,102.0,76.0,130.0,normal
852,710,Pumpkaboo Average Size,Ghost,Grass,335,124.0,86.0,90.0,64.0,75.0,71.0,86.0,normal
853,710,Pumpkaboo Small Size,Ghost,Grass,335,119.0,86.0,90.0,64.0,75.0,76.0,86.0,normal
854,710,Pumpkaboo Large Size,Ghost,Grass,335,129.0,86.0,90.0,64.0,75.0,66.0,86.0,normal
855,710,Pumpkaboo Super Size,Ghost,Grass,335,134.0,86.0,90.0,64.0,75.0,61.0,86.0,normal
856,711,Gourgeist Average Size,Ghost,Grass,494,140.0,110.0,142.0,78.0,95.0,104.0,110.0,normal
857,711,Gourgeist Small Size,Ghost,Grass,494,130.0,105.0,142.0,78.0,95.0,119.0,105.0,normal
858,711,Gourgeist Large Size,Ghost,Grass,494,150.0,115.0,142.0,78.0,95.0,89.0,115.0,normal
859,711,Gourgeist Super Size,Ghost,Grass,494,160.0,120.0,142.0,78.0,95.0,74.0,120.0,normal
860,712,Bergmite,Ice,Nil,304,130.0,89.0,105.0,52.0,55.0,48.0,89.0,normal
861,713,Avalugg,Ice,Nil,514,170.0,137.0,204.0,64.0,66.0,48.0,137.0,normal
862,713,Hisuian Avalugg,Ice,Rock,514,170.0,147.0,204.0,54.0,56.0,58.0,147.0,normal
863,714,Noibat,Flying,Dragon,245,115.0,50.0,55.0,65.0,60.0,75.0,65.0,normal
864,715,Noivern,Flying,Dragon,535,160.0,90.0,100.0,117.0,100.0,143.0,117.0,normal
865,716,Xerneas,Fairy,Nil,680,201.0,151.0,115.0,151.0,118.0,119.0,151.0,legendary
866,717,Yveltal,Dark,Flying,680,201.0,151.0,115.0,151.0,118.0,119.0,151.0,legendary
867,718,Zygarde 50% Forme,Dragon,Ground,600,183.0,120.0,141.0,101.0,115.0,115.0,120.0,legendary
868,718,Zygarde 10% Forme,Dragon,Ground,486,129.0,120.0,91.0,81.0,105.0,135.0,120.0,legendary
869,718,Zygarde Complete Forme,Dragon,Ground,708,291.0,120.0,141.0,111.0,115.0,105.0,120.0,legendary
870,719,Diancie,Rock,Fairy,600,125.0,120.0,170.0,120.0,170.0,70.0,120.0,mythical
871,719,Mega Diancie,Rock,Fairy,700,125.0,180.0,130.0,180.0,130.0,130.0,180.0,mega_evolution
872,720,Hoopa Hoopa Confined,Psychic,Ghost,600,155.0,130.0,80.0,170.0,150.0,90.0,170.0,mythical
873,720,Hoopa Hoopa Unbound,Psychic,Dark,680,155.0,180.0,80.0,190.0,150.0,100.0,190.0,mythical
874,721,Volcanion,Fire,Water,600,155.0,130.0,140.0,150.0,110.0,90.0,150.0,mythical
875,722,Rowlet,Grass,Flying,320,143.0,75.0,75.0,70.0,70.0,62.0,75.0,normal
876,723,Dartrix,Grass,Flying,420,153.0,95.0,95.0,90.0,90.0,72.0,95.0,normal
877,724,Decidueye,Grass,Ghost,530,153.0,127.0,95.0,120.0,120.0,90.0,127.0,normal
878,724,Hisuian Decidueye,Grass,Fighting,530,163.0,132.0,100.0,115.0,115.0,80.0,132.0,normal
879,725,Litten,Fire,Nil,320,120.0,85.0,60.0,80.0,60.0,90.0,85.0,normal
880,726,Torracat,Fire,Nil,420,140.0,105.0,70.0,100.0,70.0,110.0,105.0,normal
881,727,Incineroar,Fire,Dark,530,170.0,135.0,110.0,100.0,110.0,80.0,135.0,normal
882,728,Popplio,Water,Nil,320,125.0,74.0,74.0,86.0,76.0,60.0,86.0,normal
883,729,Brionne,Water,Nil,420,135.0,89.0,89.0,111.0,101.0,70.0,111.0,normal
884,730,Primarina,Water,Fairy,530,155.0,94.0,94.0,146.0,136.0,80.0,146.0,normal
885,731,Pikipek,Normal,Flying,265,110.0,95.0,50.0,50.0,50.0,85.0,95.0,normal
886,732,Trumbeak,Normal,Flying,355,130.0,105.0,70.0,60.0,70.0,95.0,105.0,normal
887,733,Toucannon,Normal,Flying,485,155.0,140.0,95.0,95.0,95.0,80.0,140.0,normal
888,734,Yungoos,Normal,Nil,253,123.0,90.0,50.0,50.0,50.0,65.0,90.0,normal
889,735,Gumshoos,Normal,Nil,418,163.0,130.0,80.0,75.0,80.0,65.0,130.0,normal
890,736,Grubbin,Bug,Nil,300,122.0,82.0,65.0,75.0,65.0,66.0,82.0,normal
891,737,Charjabug,Bug,Electric,400,132.0,102.0,115.0,75.0,95.0,56.0,102.0,normal
892,738,Vikavolt,Bug,Electric,500,152.0,90.0,110.0,165.0,95.0,63.0,165.0,normal
893,739,Crabrawler,Fighting,Nil,338,122.0,102.0,77.0,62.0,67.0,83.0,102.0,normal
894,740,Crabominable,Fighting,Ice,478,172.0,152.0,97.0,82.0,87.0,63.0,152.0,normal
895,741,Oricorio Baile Style,Fire,Flying,476,150.0,90.0,90.0,118.0,90.0,113.0,118.0,normal
896,741,Oricorio Pom-Pom Style,Electric,Flying,476,150.0,90.0,90.0,118.0,90.0,113.0,118.0,normal
897,741,Oricorio Pa'u Style,Psychic,Flying,476,150.0,90.0,90.0,118.0,90.0,113.0,118.0,normal
898,741,Oricorio Sensu Style,Ghost,Flying,476,150.0,90.0,90.0,118.0,90.0,113.0,118.0,normal
899,742,Cutiefly,Bug,Fairy,304,115.0,65.0,60.0,75.0,60.0,104.0,75.0,normal
900,743,Ribombee,Bug,Fairy,464,135.0,75.0,80.0,115.0,90.0,144.0,115.0,normal
901,744,Rockruff,Rock,Nil,280,120.0,85.0,60.0,50.0,60.0,80.0,85.0,normal
902,744,Rockruff Own Tempo Rockruff,Rock,Nil,280,120.0,85.0,60.0,50.0,60.0,80.0,85.0,normal
903,745,Lycanroc Midday Form,Rock,Nil,487,150.0,135.0,85.0,75.0,85.0,132.0,135.0,normal
904,745,Lycanroc Midnight Form,Rock,Nil,487,160.0,135.0,95.0,75.0,95.0,102.0,135.0,normal
905,745,Lycanroc Dusk Form,Rock,Nil,487,150.0,137.0,85.0,75.0,85.0,130.0,137.0,normal
906,746,Wishiwashi Solo Form,Water,Nil,175,120.0,40.0,40.0,45.0,45.0,60.0,45.0,normal
907,746,Wishiwashi School Form,Water,Nil,620,120.0,160.0,150.0,160.0,155.0,50.0,160.0,normal
908,747,Mareanie,Poison,Water,305,125.0,73.0,82.0,63.0,72.0,65.0,73.0,normal
909,748,Toxapex,Poison,Water,495,125.0,83.0,172.0,73.0,162.0,55.0,83.0,normal
910,749,Mudbray,Ground,Nil,385,145.0,120.0,90.0,65.0,75.0,65.0,120.0,normal
911,750,Mudsdale,Ground,Nil,500,175.0,145.0,120.0,75.0,105.0,55.0,145.0,normal
912,751,Dewpider,Water,Bug,269,113.0,60.0,72.0,60.0,92.0,47.0,60.0,normal
913,752,Araquanid,Water,Bug,454,143.0,90.0,112.0,70.0,152.0,62.0,90.0,normal
914,753,Fomantis,Grass,Nil,250,115.0,75.0,55.0,70.0,55.0,55.0,75.0,normal
915,754,Lurantis,Grass,Nil,480,145.0,125.0,110.0,100.0,110.0,65.0,125.0,normal
916,755,Morelull,Grass,Fairy,285,115.0,55.0,75.0,85.0,95.0,35.0,85.0,normal
917,756,Shiinotic,Grass,Fairy,405,135.0,65.0,100.0,110.0,120.0,50.0,110.0,normal
918,757,Salandit,Poison,Fire,320,123.0,64.0,60.0,91.0,60.0,97.0,91.0,normal
919,758,Salazzle,Poison,Fire,480,143.0,84.0,80.0,131.0,80.0,137.0,131.0,normal
920,759,Stufful,Normal,Fighting,340,145.0,95.0,70.0,65.0,70.0,70.0,95.0,normal
921,760,Bewear,Normal,Fighting,500,195.0,145.0,100.0,75.0,80.0,80.0,145.0,normal
922,761,Bounsweet,Grass,Nil,210,117.0,50.0,58.0,50.0,58.0,52.0,50.0,normal
923,762,Steenee,Grass,Nil,290,127.0,60.0,68.0,60.0,68.0,82.0,60.0,normal
924,763,Tsareena,Grass,Nil,510,147.0,140.0,118.0,70.0,118.0,92.0,140.0,normal
925,764,Comfey,Fairy,Nil,485,126.0,72.0,110.0,102.0,130.0,120.0,102.0,normal
926,765,Oranguru,Normal,Psychic,490,165.0,80.0,100.0,110.0,130.0,80.0,110.0,normal
927,766,Passimian,Fighting,Nil,490,175.0,140.0,110.0,60.0,80.0,100.0,140.0,normal
928,767,Wimpod,Bug,Water,230,100.0,55.0,60.0,40.0,50.0,100.0,55.0,normal
929,768,Golisopod,Bug,Water,530,150.0,145.0,160.0,80.0,110.0,60.0,145.0,normal
930,769,Sandygast,Ghost,Ground,320,130.0,75.0,100.0,90.0,65.0,35.0,90.0,normal
931,770,Palossand,Ghost,Ground,480,160.0,95.0,130.0,120.0,95.0,55.0,120.0,normal
932,771,Pyukumuku,Water,Nil,410,130.0,80.0,150.0,50.0,150.0,25.0,80.0,normal
933,772,Type: Null,Normal,Nil,534,170.0,115.0,115.0,115.0,115.0,79.0,115.0,sub_legendary
934,773,Silvally,Normal,Nil,570,170.0,115.0,115.0,115.0,115.0,115.0,115.0,sub_legendary
935,774,Minior Meteor Form,Rock,Flying,440,135.0,80.0,120.0,80.0,120.0,80.0,80.0,normal
936,774,Minior Core Form,Rock,Flying,500,135.0,120.0,80.0,120.0,80.0,140.0,120.0,normal
937,775,Komala,Normal,Nil,480,140.0,135.0,85.0,95.0,115.0,85.0,135.0,normal
938,776,Turtonator,Fire,Dragon,485,135.0,98.0,155.0,111.0,105.0,56.0,111.0,normal
939,777,Togedemaru,Electric,Steel,435,140.0,118.0,83.0,60.0,93.0,116.0,118.0,normal
940,778,Mimikyu,Ghost,Fairy,476,130.0,110.0,100.0,70.0,125.0,116.0,110.0,normal
941,779,Bruxish,Water,Psychic,475,143.0,125.0,90.0,90.0,90.0,112.0,125.0,normal
942,780,Drampa,Normal,Dragon,485,153.0,80.0,105.0,155.0,111.0,56.0,155.0,normal
943,781,Dhelmise,Ghost,Grass,517,145.0,151.0,120.0,106.0,110.0,60.0,151.0,normal
944,782,Jangmo-o,Dragon,Nil,300,120.0,75.0,85.0,65.0,65.0,65.0,75.0,normal
945,783,Hakamo-o,Dragon,Fighting,420,130.0,95.0,110.0,85.0,90.0,85.0,95.0,normal
946,784,Kommo-o,Dragon,Fighting,600,150.0,130.0,145.0,120.0,125.0,105.0,130.0,normal
947,785,Tapu Koko,Electric,Fairy,570,145.0,135.0,105.0,115.0,95.0,150.0,135.0,sub_legendary
948,786,Tapu Lele,Psychic,Fairy,570,145.0,105.0,95.0,150.0,135.0,115.0,150.0,sub_legendary
949,787,Tapu Bulu,Grass,Fairy,570,145.0,150.0,135.0,105.0,115.0,95.0,150.0,sub_legendary
950,788,Tapu Fini,Water,Fairy,570,145.0,95.0,135.0,115.0,150.0,105.0,115.0,sub_legendary
951,789,Cosmog,Psychic,Nil,200,118.0,49.0,51.0,49.0,51.0,57.0,49.0,legendary
952,790,Cosmoem,Psychic,Nil,400,118.0,49.0,151.0,49.0,151.0,57.0,49.0,legendary
953,791,Solgaleo,Psychic,Steel,680,212.0,157.0,127.0,133.0,109.0,117.0,157.0,legendary
954,792,Lunala,Psychic,Ghost,680,212.0,133.0,109.0,157.0,127.0,117.0,157.0,legendary
955,793,Nihilego,Rock,Poison,570,184.0,73.0,67.0,147.0,151.0,123.0,147.0,sub_legendary
956,794,Buzzwole,Bug,Fighting,570,182.0,159.0,159.0,73.0,73.0,99.0,159.0,sub_legendary
957,795,Pheromosa,Bug,Fighting,570,146.0,157.0,57.0,157.0,57.0,171.0,157.0,sub_legendary
958,796,Xurkitree,Electric,Nil,570,158.0,109.0,91.0,193.0,91.0,103.0,193.0,sub_legendary
959,797,Celesteela,Steel,Flying,570,172.0,121.0,123.0,127.0,121.0,81.0,127.0,sub_legendary
960,798,Kartana,Grass,Steel,570,134.0,201.0,151.0,79.0,51.0,129.0,201.0,sub_legendary
961,799,Guzzlord,Dark,Dragon,570,298.0,121.0,73.0,117.0,73.0,63.0,121.0,sub_legendary
962,800,Necrozma,Psychic,Nil,600,172.0,127.0,121.0,147.0,109.0,99.0,147.0,legendary
963,800,Necrozma Dusk Mane Necrozma,Psychic,Steel,680,172.0,177.0,147.0,133.0,129.0,97.0,177.0,legendary
964,800,Necrozma Dawn Wings Necrozma,Psychic,Ghost,680,172.0,133.0,129.0,177.0,147.0,97.0,177.0,legendary
965,800,Necrozma Ultra Necrozma,Psychic,Dragon,754,172.0,187.0,117.0,187.0,117.0,149.0,187.0,legendary
966,801,Magearna,Steel,Fairy,600,155.0,115.0,135.0,150.0,135.0,85.0,150.0,mythical
967,802,Marshadow,Fighting,Ghost,600,165.0,145.0,100.0,110.0,110.0,145.0,145.0,mythical
968,803,Poipole,Poison,Nil,420,142.0,93.0,87.0,93.0,87.0,93.0,93.0,sub_legendary
969,804,Naganadel,Poison,Dragon,540,148.0,93.0,93.0,147.0,93.0,141.0,147.0,sub_legendary
970,805,Stakataka,Rock,Steel,570,136.0,151.0,231.0,73.0,121.0,33.0,151.0,sub_legendary
971,806,Blacephalon,Fire,Ghost,570,128.0,147.0,73.0,171.0,99.0,127.0,171.0,sub_legendary
972,807,Zeraora,Electric,Nil,600,163.0,132.0,95.0,122.0,100.0,163.0,132.0,mythical
973,808,Meltan,Steel,Nil,300,121.0,85.0,85.0,75.0,55.0,54.0,85.0,mythical
974,809,Melmetal,Steel,Nil,600,210.0,163.0,163.0,100.0,85.0,54.0,163.0,mythical
975,810,Grookey,Grass,Nil,310,125.0,85.0,70.0,60.0,60.0,85.0,85.0,normal
976,811,Thwackey,Grass,Nil,420,145.0,105.0,90.0,75.0,80.0,100.0,105.0,normal
977,812,Rillaboom,Grass,Nil,530,175.0,145.0,110.0,80.0,90.0,105.0,145.0,normal
978,813,Scorbunny,Fire,Nil,310,125.0,91.0,60.0,60.0,60.0,89.0,91.0,normal
979,814,Raboot,Fire,Nil,420,140.0,106.0,80.0,75.0,80.0,114.0,106.0,normal
980,815,Cinderace,Fire,Nil,530,155.0,136.0,95.0,85.0,95.0,139.0,136.0,normal
981,816,Sobble,Water,Nil,310,125.0,60.0,60.0,90.0,60.0,90.0,90.0,normal
982,817,Drizzile,Water,Nil,420,140.0,80.0,75.0,115.0,75.0,110.0,115.0,normal
983,818,Inteleon,Water,Nil,530,145.0,105.0,85.0,145.0,85.0,140.0,145.0,normal
984,819,Skwovet,Normal,Nil,275,145.0,75.0,75.0,55.0,55.0,45.0,75.0,normal
985,820,Greedent,Normal,Nil,460,195.0,115.0,115.0,75.0,95.0,40.0,115.0,normal
986,821,Rookidee,Flying,Nil,245,113.0,67.0,55.0,53.0,55.0,77.0,67.0,normal
987,822,Corvisquire,Flying,Nil,365,143.0,87.0,75.0,63.0,75.0,97.0,87.0,normal
988,823,Corviknight,Flying,Steel,495,173.0,107.0,125.0,73.0,105.0,87.0,107.0,normal
989,824,Blipbug,Bug,Nil,180,100.0,40.0,40.0,45.0,65.0,65.0,45.0,normal
990,825,Dottler,Bug,Psychic,335,125.0,55.0,100.0,70.0,110.0,50.0,70.0,normal
991,826,Orbeetle,Bug,Psychic,505,135.0,65.0,130.0,100.0,140.0,110.0,100.0,normal
992,827,Nickit,Dark,Nil,245,115.0,48.0,48.0,67.0,72.0,70.0,67.0,normal
993,828,Thievul,Dark,Nil,455,145.0,78.0,78.0,107.0,112.0,110.0,107.0,normal
994,829,Gossifleur,Grass,Nil,250,115.0,60.0,80.0,60.0,80.0,30.0,60.0,normal
995,830,Eldegoss,Grass,Nil,460,135.0,70.0,110.0,100.0,140.0,80.0,100.0,normal
996,831,Wooloo,Normal,Nil,270,117.0,60.0,75.0,60.0,65.0,68.0,60.0,normal
997,832,Dubwool,Normal,Nil,490,147.0,100.0,120.0,80.0,110.0,108.0,100.0,normal
998,833,Chewtle,Water,Nil,284,125.0,84.0,70.0,58.0,58.0,64.0,84.0,normal
999,834,Drednaw,Water,Rock,485,165.0,135.0,110.0,68.0,88.0,94.0,135.0,normal
1000,835,Yamper,Electric,Nil,270,134.0,65.0,70.0,60.0,70.0,46.0,65.0,normal
1001,836,Boltund,Electric,Nil,490,144.0,110.0,80.0,110.0,80.0,141.0,110.0,normal
1002,837,Rolycoly,Rock,Nil,240,105.0,60.0,70.0,60.0,70.0,50.0,60.0,normal
1003,838,Carkol,Rock,Fire,410,155.0,80.0,110.0,80.0,90.0,70.0,80.0,normal
1004,839,Coalossal,Rock,Fire,510,185.0,100.0,140.0,100.0,110.0,50.0,100.0,normal
1005,840,Applin,Grass,Dragon,260,115.0,60.0,100.0,60.0,60.0,40.0,60.0,normal
1006,841,Flapple,Grass,Dragon,485,145.0,130.0,100.0,115.0,80.0,90.0,130.0,normal
1007,842,Appletun,Grass,Dragon,485,185.0,105.0,100.0,120.0,100.0,50.0,120.0,normal
1008,843,Silicobra,Ground,Nil,315,127.0,77.0,95.0,55.0,70.0,66.0,77.0,normal
1009,844,Sandaconda,Ground,Nil,510,147.0,127.0,145.0,85.0,90.0,91.0,127.0,normal
1010,845,Cramorant,Flying,Water,475,145.0,105.0,75.0,105.0,115.0,105.0,105.0,normal
1011,846,Arrokuda,Water,Nil,280,116.0,83.0,60.0,60.0,50.0,86.0,83.0,normal
1012,847,Barraskewda,Water,Nil,490,136.0,143.0,80.0,80.0,70.0,156.0,143.0,normal
1013,848,Toxel,Electric,Poison,242,115.0,58.0,55.0,74.0,55.0,60.0,74.0,normal
1014,849,Toxtricity Amped Form,Electric,Poison,502,150.0,118.0,90.0,134.0,90.0,95.0,134.0,normal
1015,849,Toxtricity Low Key Form,Electric,Poison,502,150.0,118.0,90.0,134.0,90.0,95.0,134.0,normal
1016,850,Sizzlipede,Fire,Bug,305,125.0,85.0,65.0,70.0,70.0,65.0,85.0,normal
1017,851,Centiskorch,Fire,Bug,525,175.0,135.0,85.0,110.0,110.0,85.0,135.0,normal
1018,852,Clobbopus,Fighting,Nil,310,125.0,88.0,80.0,70.0,70.0,52.0,88.0,normal
1019,853,Grapploct,Fighting,Nil,480,155.0,138.0,110.0,90.0,100.0,62.0,138.0,normal
1020,854,Sinistea,Ghost,Nil,308,115.0,65.0,65.0,94.0,74.0,70.0,94.0,normal
1021,855,Polteageist,Ghost,Nil,508,135.0,85.0,85.0,154.0,134.0,90.0,154.0,normal
1022,856,Hatenna,Psychic,Nil,265,117.0,50.0,65.0,76.0,73.0,59.0,76.0,normal
1023,857,Hattrem,Psychic,Nil,370,132.0,60.0,85.0,106.0,93.0,69.0,106.0,normal
1024,858,Hatterene,Psychic,Fairy,510,132.0,110.0,115.0,156.0,123.0,49.0,156.0,normal
1025,859,Impidimp,Dark,Fairy,265,120.0,65.0,50.0,75.0,60.0,70.0,75.0,normal
1026,860,Morgrem,Dark,Fairy,370,140.0,80.0,65.0,95.0,75.0,90.0,95.0,normal
1027,861,Grimmsnarl,Dark,Fairy,510,170.0,140.0,85.0,115.0,95.0,80.0,140.0,normal
1028,862,Obstagoon,Dark,Normal,520,168.0,110.0,121.0,80.0,101.0,115.0,110.0,normal
1029,863,Perrserker,Steel,Nil,440,145.0,130.0,120.0,70.0,80.0,70.0,130.0,normal
1030,864,Cursola,Ghost,Nil,510,135.0,115.0,70.0,165.0,150.0,50.0,165.0,normal
1031,865,Sirfetch'd,Fighting,Nil,507,137.0,155.0,115.0,88.0,102.0,85.0,155.0,normal
1032,866,Mr. Rime,Ice,Psychic,520,155.0,105.0,95.0,130.0,120.0,90.0,130.0,normal
1033,867,Runerigus,Ground,Ghost,483,133.0,115.0,165.0,70.0,125.0,50.0,115.0,normal
1034,868,Milcery,Fairy,Nil,270,120.0,60.0,60.0,70.0,81.0,54.0,70.0,normal
1035,869,Alcremie,Fairy,Nil,495,140.0,80.0,95.0,130.0,141.0,84.0,130.0,normal
1036,870,Falinks,Fighting,Nil,470,140.0,120.0,120.0,90.0,80.0,95.0,120.0,normal
1037,871,Pincurchin,Electric,Nil,435,123.0,121.0,115.0,111.0,105.0,35.0,121.0,normal
1038,872,Snom,Ice,Bug,185,105.0,45.0,55.0,65.0,50.0,40.0,65.0,normal
1039,873,Frosmoth,Ice,Bug,475,145.0,85.0,80.0,145.0,110.0,85.0,145.0,normal
1040,874,Stonjourner,Rock,Nil,470,175.0,145.0,155.0,40.0,40.0,90.0,145.0,normal
1041,875,Eiscue Ice Face,Ice,Nil,470,150.0,100.0,130.0,85.0,110.0,70.0,100.0,normal
1042,875,Eiscue Noice Face,Ice,Nil,470,150.0,100.0,90.0,85.0,70.0,150.0,100.0,normal
1043,876,Indeedee Male,Psychic,Normal,475,135.0,85.0,75.0,125.0,115.0,115.0,125.0,normal
1044,876,Indeedee Female,Psychic,Normal,475,145.0,75.0,85.0,115.0,125.0,105.0,115.0,normal
1045,877,Morpeko Full Belly Mode,Electric,Dark,436,133.0,115.0,78.0,90.0,78.0,117.0,115.0,normal
1046,877,Morpeko Hangry Mode,Electric,Dark,436,133.0,115.0,78.0,90.0,78.0,117.0,115.0,normal
1047,878,Cufant,Steel,Nil,330,147.0,100.0,69.0,60.0,69.0,60.0,100.0,normal
1048,879,Copperajah,Steel,Nil,500,197.0,150.0,89.0,100.0,89.0,50.0,150.0,normal
1049,880,Dracozolt,Electric,Dragon,505,165.0,120.0,110.0,100.0,90.0,95.0,120.0,normal
1050,881,Arctozolt,Electric,Ice,505,165.0,120.0,110.0,110.0,100.0,75.0,120.0,normal
1051,882,Dracovish,Water,Dragon,505,165.0,110.0,120.0,90.0,100.0,95.0,110.0,normal
1052,883,Arctovish,Water,Ice,505,165.0,110.0,120.0,100.0,110.0,75.0,110.0,normal
1053,884,Duraludon,Steel,Dragon,535,145.0,115.0,135.0,140.0,70.0,105.0,140.0,normal
1054,885,Dreepy,Dragon,Ghost,270,103.0,80.0,50.0,60.0,50.0,102.0,80.0,normal
1055,886,Drakloak,Dragon,Ghost,410,143.0,100.0,70.0,80.0,70.0,122.0,100.0,normal
1056,887,Dragapult,Dragon,Ghost,600,163.0,140.0,95.0,120.0,95.0,162.0,140.0,normal
1057,888,Zacian,Fairy,Nil,660,167.0,140.0,135.0,100.0,135.0,158.0,140.0,legendary
1058,888,Zacian Crowned Sword,Fairy,Steel,700,167.0,170.0,135.0,100.0,135.0,168.0,170.0,legendary
1059,889,Zamazenta,Fighting,Nil,660,167.0,140.0,135.0,100.0,135.0,158.0,140.0,legendary
1060,889,Zamazenta Crowned Shield,Fighting,Steel,700,167.0,140.0,160.0,100.0,160.0,148.0,140.0,legendary
1061,890,Eternatus,Poison,Dragon,690,215.0,105.0,115.0,165.0,115.0,150.0,165.0,legendary
1062,890,Eternatus Eternamax,Poison,Dragon,1125,330.0,135.0,270.0,145.0,270.0,150.0,145.0,legendary
1063,891,Kubfu,Fighting,Nil,385,135.0,110.0,80.0,73.0,70.0,92.0,110.0,normal
1064,892,Urshifu Single Strike Style,Fighting,Dark,550,175.0,150.0,120.0,83.0,80.0,117.0,150.0,normal
1065,892,Urshifu Rapid Strike Style,Fighting,Water,550,175.0,150.0,120.0,83.0,80.0,117.0,150.0,normal
1066,893,Zarude,Dark,Grass,600,180.0,140.0,125.0,90.0,115.0,125.0,140.0,normal
1067,894,Regieleki,Electric,Nil,580,155.0,120.0,70.0,120.0,70.0,220.0,120.0,normal
1068,895,Regidrago,Dragon,Nil,580,275.0,120.0,70.0,120.0,70.0,100.0,120.0,normal
1069,896,Glastrier,Ice,Nil,580,175.0,165.0,150.0,85.0,130.0,50.0,165.0,normal
1070,897,Spectrier,Ghost,Nil,580,175.0,85.0,80.0,165.0,100.0,150.0,165.0,normal
1071,898,Calyrex,Psychic,Grass,500,175.0,100.0,100.0,100.0,100.0,100.0,100.0,legendary
1072,898,Calyrex Ice Rider,Psychic,Ice,680,175.0,185.0,170.0,105.0,150.0,70.0,185.0,normal
1073,898,Calyrex Shadow Rider,Psychic,Ghost,680,175.0,105.0,100.0,185.0,120.0,170.0,185.0,normal
1074,899,Wyrdeer,Normal,Psychic,525,178.0,125.0,92.0,125.0,95.0,85.0,125.0,normal
1075,900,Kleavor,Bug,Rock,500,145.0,155.0,115.0,65.0,90.0,105.0,155.0,normal
1076,901,Ursaluna,Ground,Normal,550,205.0,160.0,125.0,65.0,100.0,70.0,160.0,normal
1077,901,Ursaluna Bloodmoon,Ground,Normal,555,188.0,90.0,140.0,155.0,85.0,72.0,155.0,normal
1078,902,Basculegion Male,Water,Ghost,530,195.0,132.0,85.0,100.0,95.0,98.0,132.0,normal
1079,902,Basculegion Female,Water,Ghost,530,195.0,112.0,85.0,120.0,95.0,98.0,120.0,normal
1080,903,Sneasler,Fighting,Poison,510,155.0,150.0,80.0,60.0,100.0,140.0,150.0,normal
1081,904,Overqwil,Dark,Poison,510,160.0,135.0,115.0,85.0,85.0,105.0,135.0,normal
1082,905,Enamorus Incarnate Forme,Fairy,Flying,580,149.0,135.0,90.0,155.0,100.0,126.0,155.0,sub_legendary
1083,905,Enamorus Therian Forme,Fairy,Flying,580,149.0,135.0,130.0,155.0,120.0,66.0,155.0,sub_legendary
1084,906,Sprigatito,Grass,Nil,310,115.0,81.0,74.0,65.0,65.0,85.0,81.0,normal
1085,907,Floragato,Grass,Nil,410,136.0,100.0,83.0,80.0,83.0,103.0,100.0,normal
1086,908,Meowscarada,Grass,Dark,530,151.0,130.0,90.0,101.0,90.0,143.0,130.0,normal
1087,909,Fuecoco,Fire,Nil,310,142.0,65.0,79.0,83.0,60.0,56.0,83.0,normal
1088,910,Crocalor,Fire,Nil,411,156.0,75.0,98.0,110.0,78.0,69.0,110.0,normal
1089,911,Skeledirge,Fire,Ghost,530,179.0,95.0,120.0,130.0,95.0,86.0,130.0,normal
1090,912,Quaxly,Water,Nil,310,130.0,85.0,65.0,70.0,65.0,70.0,85.0,normal
1091,913,Quaxwell,Water,Nil,410,145.0,105.0,85.0,85.0,80.0,85.0,105.0,normal
1092,914,Quaquaval,Water,Fighting,530,160.0,140.0,100.0,105.0,95.0,105.0,140.0,normal
1093,915,Lechonk,Normal,Nil,254,129.0,65.0,60.0,55.0,65.0,55.0,65.0,normal
1094,916,Oinkologne Male,Normal,Nil,489,185.0,120.0,95.0,79.0,100.0,85.0,120.0,normal
1095,916,Oinkologne Female,Normal,Nil,489,190.0,110.0,90.0,79.0,110.0,85.0,110.0,normal
1096,917,Tarountula,Bug,Nil,210,110.0,61.0,65.0,49.0,60.0,40.0,61.0,normal
1097,918,Spidops,Bug,Nil,404,135.0,99.0,112.0,72.0,106.0,55.0,99.0,normal
1098,919,Nymble,Bug,Nil,210,108.0,66.0,60.0,41.0,45.0,65.0,66.0,normal
1099,920,Lokix,Bug,Dark,450,146.0,122.0,98.0,72.0,75.0,112.0,122.0,normal
1100,921,Pawmi,Electric,Nil,240,120.0,70.0,40.0,60.0,45.0,80.0,70.0,normal
1101,922,Pawmo,Electric,Fighting,350,135.0,95.0,60.0,70.0,60.0,105.0,95.0,normal
1102,923,Pawmot,Electric,Fighting,490,145.0,135.0,90.0,90.0,80.0,125.0,135.0,normal
1103,924,Tandemaus,Normal,Nil,305,125.0,70.0,65.0,60.0,65.0,95.0,70.0,normal
1104,925,Maushold Family of Four,Normal,Nil,470,149.0,95.0,90.0,85.0,95.0,131.0,95.0,normal
1105,925,Maushold Family of Three,Normal,Nil,470,149.0,95.0,90.0,85.0,95.0,131.0,95.0,normal
1106,926,Fidough,Fairy,Nil,312,112.0,75.0,90.0,50.0,75.0,85.0,75.0,normal
1107,927,Dachsbun,Fairy,Nil,477,132.0,100.0,135.0,70.0,100.0,115.0,100.0,normal
1108,928,Smoliv,Grass,Normal,260,116.0,55.0,65.0,78.0,71.0,50.0,78.0,normal
1109,929,Dolliv,Grass,Normal,354,127.0,73.0,80.0,98.0,98.0,53.0,98.0,normal
1110,930,Arboliva,Grass,Normal,510,153.0,89.0,110.0,145.0,129.0,59.0,145.0,normal
1111,931,Squawkabilly Green Plumage,Normal,Flying,417,157.0,116.0,71.0,65.0,71.0,112.0,116.0,normal
1112,931,Squawkabilly Blue Plumage,Normal,Flying,417,157.0,116.0,71.0,65.0,71.0,112.0,116.0,normal
1113,931,Squawkabilly Yellow Plumage,Normal,Flying,417,157.0,116.0,71.0,65.0,71.0,112.0,116.0,normal
1114,931,Squawkabilly White Plumage,Normal,Flying,417,157.0,116.0,71.0,65.0,71.0,112.0,116.0,normal
1115,932,Nacli,Rock,Nil,280,130.0,75.0,95.0,55.0,55.0,45.0,75.0,normal
1116,933,Naclstack,Rock,Nil,355,135.0,80.0,120.0,55.0,85.0,55.0,80.0,normal
1117,934,Garganacl,Rock,Nil,500,175.0,120.0,150.0,65.0,110.0,55.0,120.0,normal
1118,935,Charcadet,Fire,Nil,255,115.0,70.0,60.0,70.0,60.0,55.0,70.0,normal
1119,936,Armarouge,Fire,Psychic,525,160.0,80.0,120.0,145.0,100.0,95.0,145.0,normal
1120,937,Ceruledge,Fire,Ghost,525,150.0,145.0,100.0,80.0,120.0,105.0,145.0,normal
1121,938,Tadbulb,Electric,Nil,272,136.0,51.0,61.0,79.0,55.0,65.0,79.0,normal
1122,939,Bellibolt,Electric,Nil,495,184.0,84.0,111.0,123.0,103.0,65.0,123.0,normal
1123,940,Wattrel,Electric,Flying,280,115.0,60.0,55.0,75.0,60.0,90.0,75.0,normal
1124,941,Kilowattrel,Electric,Flying,490,145.0,90.0,80.0,125.0,80.0,145.0,125.0,normal
1125,942,Maschiff,Dark,Nil,340,135.0,98.0,80.0,60.0,71.0,71.0,98.0,normal
1126,943,Mabosstiff,Dark,Nil,505,155.0,140.0,110.0,80.0,90.0,105.0,140.0,normal
1127,944,Shroodle,Poison,Normal,290,115.0,85.0,55.0,60.0,55.0,95.0,85.0,normal
1128,945,Grafaiai,Poison,Normal,485,138.0,115.0,85.0,100.0,92.0,130.0,115.0,normal
1129,946,Bramblin,Grass,Ghost,275,115.0,85.0,50.0,65.0,55.0,80.0,85.0,normal
1130,947,Brambleghast,Grass,Ghost,480,130.0,135.0,90.0,100.0,90.0,110.0,135.0,normal
1131,948,Toedscool,Ground,Grass,335,115.0,60.0,55.0,70.0,120.0,90.0,70.0,normal
1132,949,Toedscruel,Ground,Grass,515,155.0,90.0,85.0,100.0,140.0,120.0,100.0,normal
1133,950,Klawf,Rock,Nil,450,145.0,120.0,135.0,55.0,75.0,95.0,120.0,normal
1134,951,Capsakid,Grass,Nil,304,125.0,82.0,60.0,82.0,60.0,70.0,82.0,normal
1135,952,Scovillain,Grass,Fire,486,140.0,128.0,85.0,128.0,85.0,95.0,128.0,normal
1136,953,Rellor,Bug,Nil,270,116.0,70.0,80.0,51.0,78.0,50.0,70.0,normal
1137,954,Rabsca,Bug,Psychic,470,150.0,70.0,105.0,135.0,120.0,65.0,135.0,normal
1138,955,Flittle,Psychic,Nil,255,105.0,55.0,50.0,75.0,50.0,95.0,75.0,normal
1139,956,Espathra,Psychic,Nil,481,170.0,80.0,80.0,121.0,80.0,125.0,121.0,normal
1140,957,Tinkatink,Fairy,Steel,297,125.0,65.0,65.0,55.0,84.0,78.0,65.0,normal
1141,958,Tinkatuff,Fairy,Steel,380,140.0,75.0,75.0,65.0,102.0,98.0,75.0,normal
1142,959,Tinkaton,Fairy,Steel,506,160.0,95.0,97.0,90.0,125.0,114.0,95.0,normal
1143,960,Wiglett,Water,Nil,245,85.0,75.0,45.0,55.0,45.0,115.0,75.0,normal
1144,961,Wugtrio,Water,Nil,425,110.0,120.0,70.0,70.0,90.0,140.0,120.0,normal
1145,962,Bombirdier,Flying,Dark,485,145.0,123.0,105.0,80.0,105.0,102.0,123.0,normal
1146,963,Finizen,Water,Nil,315,145.0,65.0,60.0,65.0,60.0,95.0,65.0,normal
1147,964,Palafin Zero Form,Water,Nil,457,175.0,90.0,92.0,73.0,82.0,120.0,90.0,normal
1148,964,Palafin Hero Form,Water,Nil,650,175.0,180.0,117.0,126.0,107.0,120.0,180.0,normal
1149,965,Varoom,Steel,Poison,300,120.0,90.0,83.0,50.0,65.0,67.0,90.0,normal
1150,966,Revavroom,Steel,Poison,500,155.0,139.0,110.0,74.0,87.0,110.0,139.0,normal
1151,967,Cyclizar,Dragon,Normal,501,145.0,115.0,85.0,105.0,85.0,141.0,115.0,normal
1152,968,Orthworm,Steel,Nil,480,145.0,105.0,165.0,80.0,75.0,85.0,105.0,normal
1153,969,Glimmet,Rock,Poison,350,123.0,55.0,62.0,125.0,80.0,80.0,125.0,normal
1154,970,Glimmora,Rock,Poison,525,158.0,75.0,110.0,150.0,101.0,106.0,150.0,normal
1155,971,Greavard,Ghost,Nil,290,125.0,81.0,80.0,50.0,75.0,54.0,81.0,normal
1156,972,Houndstone,Ghost,Nil,488,147.0,121.0,120.0,70.0,117.0,88.0,121.0,normal
1157,973,Flamigo,Flying,Fighting,500,157.0,135.0,94.0,95.0,84.0,110.0,135.0,normal
1158,974,Cetoddle,Ice,Nil,334,183.0,88.0,65.0,50.0,60.0,63.0,88.0,normal
1159,975,Cetitan,Ice,Nil,521,245.0,133.0,85.0,65.0,75.0,93.0,133.0,normal
1160,976,Veluza,Water,Psychic,478,165.0,122.0,93.0,98.0,85.0,90.0,122.0,normal
1161,977,Dondozo,Water,Nil,530,225.0,120.0,135.0,85.0,85.0,55.0,120.0,normal
1162,978,Tatsugiri Curly Form,Dragon,Water,475,143.0,70.0,80.0,140.0,115.0,102.0,140.0,normal
1163,978,Tatsugiri Droopy Form,Dragon,Water,475,143.0,70.0,80.0,140.0,115.0,102.0,140.0,normal
1164,978,Tatsugiri Stretchy Form,Dragon,Water,475,143.0,70.0,80.0,140.0,115.0,102.0,140.0,normal
1165,979,Annihilape,Fighting,Ghost,535,185.0,135.0,100.0,70.0,110.0,110.0,135.0,normal
1166,980,Clodsire,Poison,Ground,430,205.0,95.0,80.0,65.0,120.0,40.0,95.0,normal
1167,981,Farigiraf,Normal,Psychic,520,195.0,110.0,90.0,130.0,90.0,80.0,130.0,normal
1168,982,Dudunsparce Two-Segment Form,Normal,Nil,520,200.0,120.0,100.0,105.0,95.0,75.0,120.0,normal
1169,982,Dudunsparce Three-Segment Form,Normal,Nil,520,200.0,120.0,100.0,105.0,95.0,75.0,120.0,normal
1170,983,Kingambit,Dark,Steel,550,175.0,155.0,140.0,80.0,105.0,70.0,155.0,normal
1171,984,Great Tusk,Ground,Fighting,570,190.0,151.0,151.0,73.0,73.0,107.0,151.0,paradox
1172,985,Scream Tail,Fairy,Psychic,570,190.0,85.0,119.0,85.0,135.0,131.0,85.0,paradox
1173,986,Brute Bonnet,Grass,Dark,570,186.0,147.0,119.0,99.0,119.0,75.0,147.0,paradox
1174,987,Flutter Mane,Ghost,Fairy,570,130.0,75.0,75.0,155.0,155.0,155.0,155.0,paradox
1175,988,Slither Wing,Bug,Fighting,570,160.0,155.0,99.0,105.0,125.0,101.0,155.0,paradox
1176,989,Sandy Shocks,Electric,Ground,570,160.0,101.0,117.0,141.0,105.0,121.0,141.0,paradox
1177,990,Iron Treads,Ground,Steel,570,165.0,132.0,140.0,92.0,90.0,126.0,132.0,paradox
1178,991,Iron Bundle,Ice,Water,570,131.0,100.0,134.0,144.0,80.0,156.0,144.0,paradox
1179,992,Iron Hands,Fighting,Electric,570,229.0,160.0,128.0,70.0,88.0,70.0,160.0,paradox
1180,993,Iron Jugulis,Dark,Flying,570,169.0,100.0,106.0,142.0,100.0,128.0,142.0,paradox
1181,994,Iron Moth,Fire,Poison,570,155.0,90.0,80.0,160.0,130.0,130.0,160.0,paradox
1182,995,Iron Thorns,Rock,Electric,570,175.0,154.0,130.0,90.0,104.0,92.0,154.0,paradox
1183,996,Frigibax,Dragon,Ice,320,140.0,95.0,65.0,55.0,65.0,75.0,95.0,normal
1184,997,Arctibax,Dragon,Ice,423,165.0,115.0,86.0,65.0,85.0,82.0,115.0,normal
1185,998,Baxcalibur,Dragon,Ice,600,190.0,165.0,112.0,95.0,106.0,107.0,165.0,normal
1186,999,Gimmighoul Chest Form,Ghost,Nil,300,120.0,50.0,90.0,95.0,90.0,30.0,95.0,normal
1187,999,Gimmighoul Roaming Form,Ghost,Nil,300,120.0,50.0,45.0,95.0,65.0,100.0,95.0,normal
1188,1000,Gholdengo,Steel,Ghost,550,162.0,80.0,115.0,153.0,111.0,104.0,153.0,normal
1189,1001,Wo-Chien,Dark,Grass,570,160.0,105.0,120.0,115.0,155.0,90.0,115.0,normal
1190,1002,Chien-Pao,Dark,Ice,570,155.0,140.0,100.0,110.0,85.0,155.0,140.0,normal
1191,1003,Ting-Lu,Dark,Ground,570,230.0,130.0,145.0,75.0,100.0,65.0,130.0,normal
1192,1004,Chi-Yu,Dark,Fire,570,130.0,100.0,100.0,155.0,140.0,120.0,155.0,normal
1193,1005,Roaring Moon,Dragon,Dark,590,180.0,159.0,91.0,75.0,121.0,139.0,159.0,paradox
1194,1006,Iron Valiant,Fairy,Fighting,590,149.0,150.0,110.0,140.0,80.0,136.0,150.0,paradox
1195,1007,Koraidon,Fighting,Dragon,670,175.0,155.0,135.0,105.0,120.0,155.0,155.0,normal
1196,1008,Miraidon,Electric,Dragon,670,175.0,105.0,120.0,155.0,135.0,155.0,155.0,normal
1197,1009,Walking Wake,Water,Dragon,590,174.0,103.0,111.0,145.0,103.0,129.0,145.0,paradox
1198,1010,Iron Leaves,Grass,Psychic,590,165.0,150.0,108.0,90.0,128.0,124.0,150.0,paradox
1199,1011,Dipplin,Grass,Dragon,485,155.0,100.0,130.0,115.0,100.0,60.0,115.0,normal
1200,1012,Poltchageist,Grass,Ghost,308,115.0,65.0,65.0,94.0,74.0,70.0,94.0,normal
1201,1013,Sinistcha,Grass,Ghost,508,146.0,80.0,126.0,141.0,100.0,90.0,141.0,normal
1202,1014,Okidogi,Poison,Fighting,555,163.0,148.0,135.0,78.0,106.0,100.0,148.0,normal
1203,1015,Munkidori,Poison,Psychic,555,163.0,95.0,86.0,150.0,110.0,126.0,150.0,normal
1204,1016,Fezandipiti,Poison,Fairy,555,163.0,111.0,102.0,90.0,145.0,119.0,111.0,normal
1205,1017,Ogerpon Teal Mask,Grass,Nil,550,155.0,140.0,104.0,80.0,116.0,130.0,140.0,normal
1206,1017,Ogerpon Wellspring Mask,Grass,Water,550,155.0,140.0,104.0,80.0,116.0,130.0,140.0,normal
1207,1017,Ogerpon Hearthflame Mask,Grass,Fire,550,155.0,140.0,104.0,80.0,116.0,130.0,140.0,normal
1208,1017,Ogerpon Cornerstone Mask,Grass,Rock,550,155.0,140.0,104.0,80.0,116.0,130.0,140.0,normal
1209,1018,Archaludon,Steel,Dragon,600,165.0,125.0,150.0,145.0,85.0,105.0,145.0,normal
1210,1019,Hydrapple,Grass,Dragon,540,181.0,100.0,130.0,140.0,100.0,64.0,140.0,normal
1211,1020,Gouging Fire,Fire,Dragon,590,180.0,135.0,141.0,85.0,113.0,111.0,135.0,paradox
1212,1021,Raging Bolt,Electric,Dragon,590,200.0,93.0,111.0,157.0,109.0,95.0,157.0,paradox
1213,1022,Iron Boulder,Rock,Psychic,590,165.0,140.0,100.0,88.0,128.0,144.0,140.0,paradox
1214,1023,Iron Crown,Steel,Psychic,590,165.0,92.0,120.0,142.0,128.0,118.0,142.0,paradox
1215,1024,Terapagos,Normal,Nil,450,165.0,85.0,105.0,85.0,105.0,80.0,85.0,legendary
1216,1024,Terapagos Terastal Form,Normal,Nil,600,170.0,115.0,130.0,125.0,130.0,105.0,125.0,legendary
1217,1024,Terapagos Stellar Form,Normal,Nil,700,235.0,125.0,130.0,150.0,130.0,105.0,150.0,legendary
1218,1025,Pecharunt,Poison,Ghost,600,163.0,108.0,180.0,108.0,108.0,108.0,108.0,mythical
