,number,name,type1,type2,total,hp,attack,defense,special_attack,special_defense,speed
0,0001,Bulbasaur,Grass,Poison,318,45,49,49,65,65,45
1,0002,Ivysaur,Grass,Poison,405,60,62,63,80,80,60
2,0003,Venusaur,Grass,Poison,525,80,82,83,100,100,80
3,0003,Venusaur,Grass,Poison,625,80,100,123,122,120,80
4,0004,Charmander,Fire,Nil,309,39,52,43,60,50,65
5,0005,Charmeleon,Fire,Nil,405,58,64,58,80,65,80
6,0006,Charizard,Fire,Flying,534,78,84,78,109,85,100
7,0006,Charizard,Fire,Dragon,634,78,130,111,130,85,100
8,0006,Charizard,Fire,Flying,634,78,104,78,159,115,100
9,0007,Squirtle,Water,Nil,314,44,48,65,50,64,43
10,0008,Wartortle,Water,Nil,405,59,63,80,65,80,58
11,0009,Blastoise,Water,Nil,530,79,83,100,85,105,78
12,0009,Blastoise,Water,Nil,630,79,103,120,135,115,78
13,0010,Caterpie,Bug,Nil,195,45,30,35,20,20,45
14,0011,Metapod,Bug,Nil,205,50,20,55,25,25,30
15,0012,Butterfree,Bug,Flying,395,60,45,50,90,80,70
16,0013,Weedle,Bug,Poison,195,40,35,30,20,20,50
17,0014,Kakuna,Bug,Poison,205,45,25,50,25,25,35
18,0015,Beedrill,Bug,Poison,395,65,90,40,45,80,75
19,0015,Beedrill,Bug,Poison,495,65,150,40,15,80,145
20,0016,Pidgey,Normal,Flying,251,40,45,40,35,35,56
21,0017,Pidgeotto,Normal,Flying,349,63,60,55,50,50,71
22,0018,Pidgeot,Normal,Flying,479,83,80,75,70,70,101
23,0018,Pidgeot,Normal,Flying,579,83,80,80,135,80,121
24,0019,Rattata,Normal,Nil,253,30,56,35,25,35,72
25,0019,Rattata,Dark,Normal,253,30,56,35,25,35,72
26,0020,Raticate,Normal,Nil,413,55,81,60,50,70,97
27,0020,Raticate,Dark,Normal,413,75,71,70,40,80,77
28,0021,Spearow,Normal,Flying,262,40,60,30,31,31,70
29,0022,Fearow,Normal,Flying,442,65,90,65,61,61,100
30,0023,Ekans,Poison,Nil,288,35,60,44,40,54,55
31,0024,Arbok,Poison,Nil,448,60,95,69,65,79,80
32,0025,Pikachu,Electric,Nil,320,35,55,40,50,50,90
33,0025,Pikachu,Electric,Nil,430,45,80,50,75,60,120
34,0026,Raichu,Electric,Nil,485,60,90,55,90,80,110
35,0026,Raichu,Electric,Psychic,485,60,85,50,95,85,110
36,0027,Sandshrew,Ground,Nil,300,50,75,85,20,30,40
37,0027,Sandshrew,Ice,Steel,300,50,75,90,10,35,40
38,0028,Sandslash,Ground,Nil,450,75,100,110,45,55,65
39,0028,Sandslash,Ice,Steel,450,75,100,120,25,65,65
40,0029,Nidoran♀,Poison,Nil,275,55,47,52,40,40,41
41,0030,Nidorina,Poison,Nil,365,70,62,67,55,55,56
42,0031,Nidoqueen,Poison,Ground,505,90,92,87,75,85,76
43,0032,Nidoran♂,Poison,Nil,273,46,57,40,40,40,50
44,0033,Nidorino,Poison,Nil,365,61,72,57,55,55,65
45,0034,Nidoking,Poison,Ground,505,81,102,77,85,75,85
46,0035,Clefairy,Fairy,Nil,323,70,45,48,60,65,35
47,0036,Clefable,Fairy,Nil,483,95,70,73,95,90,60
48,0037,Vulpix,Fire,Nil,299,38,41,40,50,65,65
49,0037,Vulpix,Ice,Nil,299,38,41,40,50,65,65
50,0038,Ninetales,Fire,Nil,505,73,76,75,81,100,100
51,0038,Ninetales,Ice,Fairy,505,73,67,75,81,100,109
52,0039,Jigglypuff,Normal,Fairy,270,115,45,20,45,25,20
53,0040,Wigglytuff,Normal,Fairy,435,140,70,45,85,50,45
54,0041,Zubat,Poison,Flying,245,40,45,35,30,40,55
55,0042,Golbat,Poison,Flying,455,75,80,70,65,75,90
56,0043,Oddish,Grass,Poison,320,45,50,55,75,65,30
57,0044,Gloom,Grass,Poison,395,60,65,70,85,75,40
58,0045,Vileplume,Grass,Poison,490,75,80,85,110,90,50
59,0046,Paras,Bug,Grass,285,35,70,55,45,55,25
60,0047,Parasect,Bug,Grass,405,60,95,80,60,80,30
61,0048,Venonat,Bug,Poison,305,60,55,50,40,55,45
62,0049,Venomoth,Bug,Poison,450,70,65,60,90,75,90
63,0050,Diglett,Ground,Nil,265,10,55,25,35,45,95
64,0050,Diglett,Ground,Steel,265,10,55,30,35,45,90
65,0051,Dugtrio,Ground,Nil,425,35,100,50,50,70,120
66,0051,Dugtrio,Ground,Steel,425,35,100,60,50,70,110
67,0052,Meowth,Normal,Nil,290,40,45,35,40,40,90
68,0052,Meowth,Dark,Nil,290,40,35,35,50,40,90
69,0052,Meowth,Steel,Nil,290,50,65,55,40,40,40
70,0053,Persian,Normal,Nil,440,65,70,60,65,65,115
71,0053,Persian,Dark,Nil,440,65,60,60,75,65,115
72,0054,Psyduck,Water,Nil,320,50,52,48,65,50,55
73,0055,Golduck,Water,Nil,500,80,82,78,95,80,85
74,0056,Mankey,Fighting,Nil,305,40,80,35,35,45,70
75,0057,Primeape,Fighting,Nil,455,65,105,60,60,70,95
76,0058,Growlithe,Fire,Nil,350,55,70,45,70,50,60
77,0058,Growlithe,Fire,Rock,350,60,75,45,65,50,55
78,0059,Arcanine,Fire,Nil,555,90,110,80,100,80,95
79,0059,Arcanine,Fire,Rock,555,95,115,80,95,80,90
80,0060,Poliwag,Water,Nil,300,40,50,40,40,40,90
81,0061,Poliwhirl,Water,Nil,385,65,65,65,50,50,90
82,0062,Poliwrath,Water,Fighting,510,90,95,95,70,90,70
83,0063,Abra,Psychic,Nil,310,25,20,15,105,55,90
84,0064,Kadabra,Psychic,Nil,400,40,35,30,120,70,105
85,0065,Alakazam,Psychic,Nil,500,55,50,45,135,95,120
86,0065,Alakazam,Psychic,Nil,600,55,50,65,175,105,150
87,0066,Machop,Fighting,Nil,305,70,80,50,35,35,35
88,0067,Machoke,Fighting,Nil,405,80,100,70,50,60,45
89,0068,Machamp,Fighting,Nil,505,90,130,80,65,85,55
90,0069,Bellsprout,Grass,Poison,300,50,75,35,70,30,40
91,0070,Weepinbell,Grass,Poison,390,65,90,50,85,45,55
92,0071,Victreebel,Grass,Poison,490,80,105,65,100,70,70
93,0071,Victreebel,Grass,Poison,590,80,125,85,135,95,70
94,0072,Tentacool,Water,Poison,335,40,40,35,50,100,70
95,0073,Tentacruel,Water,Poison,515,80,70,65,80,120,100
96,0074,Geodude,Rock,Ground,300,40,80,100,30,30,20
97,0074,Geodude,Rock,Electric,300,40,80,100,30,30,20
98,0075,Graveler,Rock,Ground,390,55,95,115,45,45,35
99,0075,Graveler,Rock,Electric,390,55,95,115,45,45,35
100,0076,Golem,Rock,Ground,495,80,120,130,55,65,45
101,0076,Golem,Rock,Electric,495,80,120,130,55,65,45
102,0077,Ponyta,Fire,Nil,410,50,85,55,65,65,90
103,0077,Ponyta,Psychic,Nil,410,50,85,55,65,65,90
104,0078,Rapidash,Fire,Nil,500,65,100,70,80,80,105
105,0078,Rapidash,Psychic,Fairy,500,65,100,70,80,80,105
106,0079,Slowpoke,Water,Psychic,315,90,65,65,40,40,15
107,0079,Slowpoke,Psychic,Nil,315,90,65,65,40,40,15
108,0080,Slowbro,Water,Psychic,490,95,75,110,100,80,30
109,0080,Slowbro,Water,Psychic,590,95,75,180,130,80,30
110,0080,Slowbro,Poison,Psychic,490,95,100,95,100,70,30
111,0081,Magnemite,Electric,Steel,325,25,35,70,95,55,45
112,0082,Magneton,Electric,Steel,465,50,60,95,120,70,70
113,0083,Farfetch'd,Normal,Flying,377,52,90,55,58,62,60
114,0083,Farfetch'd,Fighting,Nil,377,52,95,55,58,62,55
115,0084,Doduo,Normal,Flying,310,35,85,45,35,35,75
116,0085,Dodrio,Normal,Flying,470,60,110,70,60,60,110
117,0086,Seel,Water,Nil,325,65,45,55,45,70,45
118,0087,Dewgong,Water,Ice,475,90,70,80,70,95,70
119,0088,Grimer,Poison,Nil,325,80,80,50,40,50,25
120,0088,Grimer,Poison,Dark,325,80,80,50,40,50,25
121,0089,Muk,Poison,Nil,500,105,105,75,65,100,50
122,0089,Muk,Poison,Dark,500,105,105,75,65,100,50
123,0090,Shellder,Water,Nil,305,30,65,100,45,25,40
124,0091,Cloyster,Water,Ice,525,50,95,180,85,45,70
125,0092,Gastly,Ghost,Poison,310,30,35,30,100,35,80
126,0093,Haunter,Ghost,Poison,405,45,50,45,115,55,95
127,0094,Gengar,Ghost,Poison,500,60,65,60,130,75,110
128,0094,Gengar,Ghost,Poison,600,60,65,80,170,95,130
129,0095,Onix,Rock,Ground,385,35,45,160,30,45,70
130,0096,Drowzee,Psychic,Nil,328,60,48,45,43,90,42
131,0097,Hypno,Psychic,Nil,483,85,73,70,73,115,67
132,0098,Krabby,Water,Nil,325,30,105,90,25,25,50
133,0099,Kingler,Water,Nil,475,55,130,115,50,50,75
134,0100,Voltorb,Electric,Nil,330,40,30,50,55,55,100
135,0100,Voltorb,Electric,Grass,330,40,30,50,55,55,100
136,0101,Electrode,Electric,Nil,490,60,50,70,80,80,150
137,0101,Electrode,Electric,Grass,490,60,50,70,80,80,150
138,0102,Exeggcute,Grass,Psychic,325,60,40,80,60,45,40
139,0103,Exeggutor,Grass,Psychic,530,95,95,85,125,75,55
140,0103,Exeggutor,Grass,Dragon,530,95,105,85,125,75,45
141,0104,Cubone,Ground,Nil,320,50,50,95,40,50,35
142,0105,Marowak,Ground,Nil,425,60,80,110,50,80,45
143,0105,Marowak,Fire,Ghost,425,60,80,110,50,80,45
144,0106,Hitmonlee,Fighting,Nil,455,50,120,53,35,110,87
145,0107,Hitmonchan,Fighting,Nil,455,50,105,79,35,110,76
146,0108,Lickitung,Normal,Nil,385,90,55,75,60,75,30
147,0109,Koffing,Poison,Nil,340,40,65,95,60,45,35
148,0110,Weezing,Poison,Nil,490,65,90,120,85,70,60
149,0110,Weezing,Poison,Fairy,490,65,90,120,85,70,60
150,0111,Rhyhorn,Ground,Rock,345,80,85,95,30,30,25
151,0112,Rhydon,Ground,Rock,485,105,130,120,45,45,40
152,0113,Chansey,Normal,Nil,450,250,5,5,35,105,50
153,0114,Tangela,Grass,Nil,435,65,55,115,100,40,60
154,0115,Kangaskhan,Normal,Nil,490,105,95,80,40,80,90
155,0115,Kangaskhan,Normal,Nil,590,105,125,100,60,100,100
156,0116,Horsea,Water,Nil,295,30,40,70,70,25,60
157,0117,Seadra,Water,Nil,440,55,65,95,95,45,85
158,0118,Goldeen,Water,Nil,320,45,67,60,35,50,63
159,0119,Seaking,Water,Nil,450,80,92,65,65,80,68
160,0120,Staryu,Water,Nil,340,30,45,55,70,55,85
161,0121,Starmie,Water,Psychic,520,60,75,85,100,85,115
162,0122,Mr. Mime,Psychic,Fairy,460,40,45,65,100,120,90
163,0122,Mr. Mime,Ice,Psychic,460,50,65,65,90,90,100
164,0123,Scyther,Bug,Flying,500,70,110,80,55,80,105
165,0124,Jynx,Ice,Psychic,455,65,50,35,115,95,95
166,0125,Electabuzz,Electric,Nil,490,65,83,57,95,85,105
167,0126,Magmar,Fire,Nil,495,65,95,57,100,85,93
168,0127,Pinsir,Bug,Nil,500,65,125,100,55,70,85
169,0127,Pinsir,Bug,Flying,600,65,155,120,65,90,105
170,0128,Tauros,Normal,Nil,490,75,100,95,40,70,110
171,0128,Tauros,Fighting,Nil,490,75,110,105,30,70,100
172,0128,Tauros,Fighting,Fire,490,75,110,105,30,70,100
173,0128,Tauros,Fighting,Water,490,75,110,105,30,70,100
174,0129,Magikarp,Water,Nil,200,20,10,55,15,20,80
175,0130,Gyarados,Water,Flying,540,95,125,79,60,100,81
176,0130,Gyarados,Water,Dark,640,95,155,109,70,130,81
177,0131,Lapras,Water,Ice,535,130,85,80,85,95,60
178,0132,Ditto,Normal,Nil,288,48,48,48,48,48,48
179,0133,Eevee,Normal,Nil,325,55,55,50,45,65,55
180,0133,Eevee,Normal,Nil,435,65,75,70,65,85,75
181,0134,Vaporeon,Water,Nil,525,130,65,60,110,95,65
182,0135,Jolteon,Electric,Nil,525,65,65,60,110,95,130
183,0136,Flareon,Fire,Nil,525,65,130,60,95,110,65
184,0137,Porygon,Normal,Nil,395,65,60,70,85,75,40
185,0138,Omanyte,Rock,Water,355,35,40,100,90,55,35
186,0139,Omastar,Rock,Water,495,70,60,125,115,70,55
187,0140,Kabuto,Rock,Water,355,30,80,90,55,45,55
188,0141,Kabutops,Rock,Water,495,60,115,105,65,70,80
189,0142,Aerodactyl,Rock,Flying,515,80,105,65,60,75,130
190,0142,Aerodactyl,Rock,Flying,615,80,135,85,70,95,150
191,0143,Snorlax,Normal,Nil,540,160,110,65,65,110,30
192,0144,Articuno,Ice,Flying,580,90,85,100,95,125,85
193,0144,Articuno,Psychic,Flying,580,90,85,85,125,100,95
194,0145,Zapdos,Electric,Flying,580,90,90,85,125,90,100
195,0145,Zapdos,Fighting,Flying,580,90,125,90,85,90,100
196,0146,Moltres,Fire,Flying,580,90,100,90,125,85,90
197,0146,Moltres,Dark,Flying,580,90,85,90,100,125,90
198,0147,Dratini,Dragon,Nil,300,41,64,45,50,50,50
199,0148,Dragonair,Dragon,Nil,420,61,84,65,70,70,70
200,0149,Dragonite,Dragon,Flying,600,91,134,95,100,100,80
201,0149,Dragonite,Dragon,Flying,700,91,124,115,145,125,100
202,0150,Mewtwo,Psychic,Nil,680,106,110,90,154,90,130
203,0150,Mewtwo,Psychic,Fighting,780,106,190,100,154,100,130
204,0150,Mewtwo,Psychic,Nil,780,106,150,70,194,120,140
205,0151,Mew,Psychic,Nil,600,100,100,100,100,100,100
206,0152,Chikorita,Grass,Nil,318,45,49,65,49,65,45
207,0153,Bayleef,Grass,Nil,405,60,62,80,63,80,60
208,0154,Meganium,Grass,Nil,525,80,82,100,83,100,80
209,0155,Cyndaquil,Fire,Nil,309,39,52,43,60,50,65
210,0156,Quilava,Fire,Nil,405,58,64,58,80,65,80
211,0157,Typhlosion,Fire,Nil,534,78,84,78,109,85,100
212,0157,Typhlosion,Fire,Ghost,534,73,84,78,119,85,95
213,0158,Totodile,Water,Nil,314,50,65,64,44,48,43
214,0159,Croconaw,Water,Nil,405,65,80,80,59,63,58
215,0160,Feraligatr,Water,Nil,530,85,105,100,79,83,78
216,0161,Sentret,Normal,Nil,215,35,46,34,35,45,20
217,0162,Furret,Normal,Nil,415,85,76,64,45,55,90
218,0163,Hoothoot,Normal,Flying,262,60,30,30,36,56,50
219,0164,Noctowl,Normal,Flying,452,100,50,50,86,96,70
220,0165,Ledyba,Bug,Flying,265,40,20,30,40,80,55
221,0166,Ledian,Bug,Flying,390,55,35,50,55,110,85
222,0167,Spinarak,Bug,Poison,250,40,60,40,40,40,30
223,0168,Ariados,Bug,Poison,400,70,90,70,60,70,40
224,0169,Crobat,Poison,Flying,535,85,90,80,70,80,130
225,0170,Chinchou,Water,Electric,330,75,38,38,56,56,67
226,0171,Lanturn,Water,Electric,460,125,58,58,76,76,67
227,0172,Pichu,Electric,Nil,205,20,40,15,35,35,60
228,0173,Cleffa,Fairy,Nil,218,50,25,28,45,55,15
229,0174,Igglybuff,Normal,Fairy,210,90,30,15,40,20,15
230,0175,Togepi,Fairy,Nil,245,35,20,65,40,65,20
231,0176,Togetic,Fairy,Flying,405,55,40,85,80,105,40
232,0177,Natu,Psychic,Flying,320,40,50,45,70,45,70
233,0178,Xatu,Psychic,Flying,470,65,75,70,95,70,95
234,0179,Mareep,Electric,Nil,280,55,40,40,65,45,35
235,0180,Flaaffy,Electric,Nil,365,70,55,55,80,60,45
236,0181,Ampharos,Electric,Nil,510,90,75,85,115,90,55
237,0181,Ampharos,Electric,Dragon,610,90,95,105,165,110,45
238,0182,Bellossom,Grass,Nil,490,75,80,95,90,100,50
239,0183,Marill,Water,Fairy,250,70,20,50,20,50,40
240,0184,Azumarill,Water,Fairy,420,100,50,80,60,80,50
241,0185,Sudowoodo,Rock,Nil,410,70,100,115,30,65,30
242,0186,Politoed,Water,Nil,500,90,75,75,90,100,70
243,0187,Hoppip,Grass,Flying,250,35,35,40,35,55,50
244,0188,Skiploom,Grass,Flying,340,55,45,50,45,65,80
245,0189,Jumpluff,Grass,Flying,460,75,55,70,55,95,110
246,0190,Aipom,Normal,Nil,360,55,70,55,40,55,85
247,0191,Sunkern,Grass,Nil,180,30,30,30,30,30,30
248,0192,Sunflora,Grass,Nil,425,75,75,55,105,85,30
249,0193,Yanma,Bug,Flying,390,65,65,45,75,45,95
250,0194,Wooper,Water,Ground,210,55,45,45,25,25,15
251,0194,Wooper,Poison,Ground,210,55,45,45,25,25,15
252,0195,Quagsire,Water,Ground,430,95,85,85,65,65,35
253,0196,Espeon,Psychic,Nil,525,65,65,60,130,95,110
254,0197,Umbreon,Dark,Nil,525,95,65,110,60,130,65
255,0198,Murkrow,Dark,Flying,405,60,85,42,85,42,91
256,0199,Slowking,Water,Psychic,490,95,75,80,100,110,30
257,0199,Slowking,Poison,Psychic,490,95,65,80,110,110,30
258,0200,Misdreavus,Ghost,Nil,435,60,60,60,85,85,85
259,0201,Unown,Psychic,Nil,336,48,72,48,72,48,48
260,0202,Wobbuffet,Psychic,Nil,405,190,33,58,33,58,33
261,0203,Girafarig,Normal,Psychic,455,70,80,65,90,65,85
262,0204,Pineco,Bug,Nil,290,50,65,90,35,35,15
263,0205,Forretress,Bug,Steel,465,75,90,140,60,60,40
264,0206,Dunsparce,Normal,Nil,415,100,70,70,65,65,45
265,0207,Gligar,Ground,Flying,430,65,75,105,35,65,85
266,0208,Steelix,Steel,Ground,510,75,85,200,55,65,30
267,0208,Steelix,Steel,Ground,610,75,125,230,55,95,30
268,0209,Snubbull,Fairy,Nil,300,60,80,50,40,40,30
269,0210,Granbull,Fairy,Nil,450,90,120,75,60,60,45
270,0211,Qwilfish,Water,Poison,440,65,95,85,55,55,85
271,0211,Qwilfish,Dark,Poison,440,65,95,85,55,55,85
272,0212,Scizor,Bug,Steel,500,70,130,100,55,80,65
273,0212,Scizor,Bug,Steel,600,70,150,140,65,100,75
274,0213,Shuckle,Bug,Rock,505,20,10,230,10,230,5
275,0214,Heracross,Bug,Fighting,500,80,125,75,40,95,85
276,0214,Heracross,Bug,Fighting,600,80,185,115,40,105,75
277,0215,Sneasel,Dark,Ice,430,55,95,55,35,75,115
278,0215,Sneasel,Fighting,Poison,430,55,95,55,35,75,115
279,0216,Teddiursa,Normal,Nil,330,60,80,50,50,50,40
280,0217,Ursaring,Normal,Nil,500,90,130,75,75,75,55
281,0218,Slugma,Fire,Nil,250,40,40,40,70,40,20
282,0219,Magcargo,Fire,Rock,430,60,50,120,90,80,30
283,0220,Swinub,Ice,Ground,250,50,50,40,30,30,50
284,0221,Piloswine,Ice,Ground,450,100,100,80,60,60,50
285,0222,Corsola,Water,Rock,410,65,55,95,65,95,35
286,0222,Corsola,Ghost,Nil,410,60,55,100,65,100,30
287,0223,Remoraid,Water,Nil,300,35,65,35,65,35,65
288,0224,Octillery,Water,Nil,480,75,105,75,105,75,45
289,0225,Delibird,Ice,Flying,330,45,55,45,65,45,75
290,0226,Mantine,Water,Flying,485,85,40,70,80,140,70
291,0227,Skarmory,Steel,Flying,465,65,80,140,40,70,70
292,0228,Houndour,Dark,Fire,330,45,60,30,80,50,65
293,0229,Houndoom,Dark,Fire,500,75,90,50,110,80,95
294,0229,Houndoom,Dark,Fire,600,75,90,90,140,90,115
295,0230,Kingdra,Water,Dragon,540,75,95,95,95,95,85
296,0231,Phanpy,Ground,Nil,330,90,60,60,40,40,40
297,0232,Donphan,Ground,Nil,500,90,120,120,60,60,50
298,0233,Porygon2,Normal,Nil,515,85,80,90,105,95,60
299,0234,Stantler,Normal,Nil,465,73,95,62,85,65,85
300,0235,Smeargle,Normal,Nil,250,55,20,35,20,45,75
301,0236,Tyrogue,Fighting,Nil,210,35,35,35,35,35,35
302,0237,Hitmontop,Fighting,Nil,455,50,95,95,35,110,70
303,0238,Smoochum,Ice,Psychic,305,45,30,15,85,65,65
304,0239,Elekid,Electric,Nil,360,45,63,37,65,55,95
305,0240,Magby,Fire,Nil,365,45,75,37,70,55,83
306,0241,Miltank,Normal,Nil,490,95,80,105,40,70,100
307,0242,Blissey,Normal,Nil,540,255,10,10,75,135,55
308,0243,Raikou,Electric,Nil,580,90,85,75,115,100,115
309,0244,Entei,Fire,Nil,580,115,115,85,90,75,100
310,0245,Suicune,Water,Nil,580,100,75,115,90,115,85
311,0246,Larvitar,Rock,Ground,300,50,64,50,45,50,41
312,0247,Pupitar,Rock,Ground,410,70,84,70,65,70,51
313,0248,Tyranitar,Rock,Dark,600,100,134,110,95,100,61
314,0248,Tyranitar,Rock,Dark,700,100,164,150,95,120,71
315,0249,Lugia,Psychic,Flying,680,106,90,130,90,154,110
316,0250,Ho-oh,Fire,Flying,680,106,130,90,110,154,90
317,0251,Celebi,Psychic,Grass,600,100,100,100,100,100,100
318,0252,Treecko,Grass,Nil,310,40,45,35,65,55,70
319,0253,Grovyle,Grass,Nil,405,50,65,45,85,65,95
320,0254,Sceptile,Grass,Nil,530,70,85,65,105,85,120
321,0254,Sceptile,Grass,Dragon,630,70,110,75,145,85,145
322,0255,Torchic,Fire,Nil,310,45,60,40,70,50,45
323,0256,Combusken,Fire,Fighting,405,60,85,60,85,60,55
324,0257,Blaziken,Fire,Fighting,530,80,120,70,110,70,80
325,0257,Blaziken,Fire,Fighting,630,80,160,80,130,80,100
326,0258,Mudkip,Water,Nil,310,50,70,50,50,50,40
327,0259,Marshtomp,Water,Ground,405,70,85,70,60,70,50
328,0260,Swampert,Water,Ground,535,100,110,90,85,90,60
329,0260,Swampert,Water,Ground,635,100,150,110,95,110,70
330,0261,Poochyena,Dark,Nil,220,35,55,35,30,30,35
331,0262,Mightyena,Dark,Nil,420,70,90,70,60,60,70
332,0263,Zigzagoon,Normal,Nil,240,38,30,41,30,41,60
333,0263,Zigzagoon,Dark,Normal,240,38,30,41,30,41,60
334,0264,Linoone,Normal,Nil,420,78,70,61,50,61,100
335,0264,Linoone,Dark,Normal,420,78,70,61,50,61,100
336,0265,Wurmple,Bug,Nil,195,45,45,35,20,30,20
337,0266,Silcoon,Bug,Nil,205,50,35,55,25,25,15
338,0267,Beautifly,Bug,Flying,395,60,70,50,100,50,65
339,0268,Cascoon,Bug,Nil,205,50,35,55,25,25,15
340,0269,Dustox,Bug,Poison,385,60,50,70,50,90,65
341,0270,Lotad,Water,Grass,220,40,30,30,40,50,30
342,0271,Lombre,Water,Grass,340,60,50,50,60,70,50
343,0272,Ludicolo,Water,Grass,480,80,70,70,90,100,70
344,0273,Seedot,Grass,Nil,220,40,40,50,30,30,30
345,0274,Nuzleaf,Grass,Dark,340,70,70,40,60,40,60
346,0275,Shiftry,Grass,Dark,480,90,100,60,90,60,80
347,0276,Taillow,Normal,Flying,270,40,55,30,30,30,85
348,0277,Swellow,Normal,Flying,455,60,85,60,75,50,125
349,0278,Wingull,Water,Flying,270,40,30,30,55,30,85
350,0279,Pelipper,Water,Flying,440,60,50,100,95,70,65
351,0280,Ralts,Psychic,Fairy,198,28,25,25,45,35,40
352,0281,Kirlia,Psychic,Fairy,278,38,35,35,65,55,50
353,0282,Gardevoir,Psychic,Fairy,518,68,65,65,125,115,80
354,0282,Gardevoir,Psychic,Fairy,618,68,85,65,165,135,100
355,0283,Surskit,Bug,Water,269,40,30,32,50,52,65
356,0284,Masquerain,Bug,Flying,454,70,60,62,100,82,80
357,0285,Shroomish,Grass,Nil,295,60,40,60,40,60,35
358,0286,Breloom,Grass,Fighting,460,60,130,80,60,60,70
359,0287,Slakoth,Normal,Nil,280,60,60,60,35,35,30
360,0288,Vigoroth,Normal,Nil,440,80,80,80,55,55,90
361,0289,Slaking,Normal,Nil,670,150,160,100,95,65,100
362,0290,Nincada,Bug,Ground,266,31,45,90,30,30,40
363,0291,Ninjask,Bug,Flying,456,61,90,45,50,50,160
364,0292,Shedinja,Bug,Ghost,236,1,90,45,30,30,40
365,0293,Whismur,Normal,Nil,240,64,51,23,51,23,28
366,0294,Loudred,Normal,Nil,360,84,71,43,71,43,48
367,0295,Exploud,Normal,Nil,490,104,91,63,91,73,68
368,0296,Makuhita,Fighting,Nil,237,72,60,30,20,30,25
369,0297,Hariyama,Fighting,Nil,474,144,120,60,40,60,50
370,0298,Azurill,Normal,Fairy,190,50,20,40,20,40,20
371,0299,Nosepass,Rock,Nil,375,30,45,135,45,90,30
372,0300,Skitty,Normal,Nil,260,50,45,45,35,35,50
373,0301,Delcatty,Normal,Nil,400,70,65,65,55,55,90
374,0302,Sableye,Dark,Ghost,380,50,75,75,65,65,50
375,0302,Sableye,Dark,Ghost,480,50,85,125,85,115,20
376,0303,Mawile,Steel,Fairy,380,50,85,85,55,55,50
377,0303,Mawile,Steel,Fairy,480,50,105,125,55,95,50
378,0304,Aron,Steel,Rock,330,50,70,100,40,40,30
379,0305,Lairon,Steel,Rock,430,60,90,140,50,50,40
380,0306,Aggron,Steel,Rock,530,70,110,180,60,60,50
381,0306,Aggron,Steel,Nil,630,70,140,230,60,80,50
382,0307,Meditite,Fighting,Psychic,280,30,40,55,40,55,60
383,0308,Medicham,Fighting,Psychic,410,60,60,75,60,75,80
384,0308,Medicham,Fighting,Psychic,510,60,100,85,80,85,100
385,0309,Electrike,Electric,Nil,295,40,45,40,65,40,65
386,0310,Manectric,Electric,Nil,475,70,75,60,105,60,105
387,0310,Manectric,Electric,Nil,575,70,75,80,135,80,135
388,0311,Plusle,Electric,Nil,405,60,50,40,85,75,95
389,0312,Minun,Electric,Nil,405,60,40,50,75,85,95
390,0313,Volbeat,Bug,Nil,430,65,73,75,47,85,85
391,0314,Illumise,Bug,Nil,430,65,47,75,73,85,85
392,0315,Roselia,Grass,Poison,400,50,60,45,100,80,65
393,0316,Gulpin,Poison,Nil,302,70,43,53,43,53,40
394,0317,Swalot,Poison,Nil,467,100,73,83,73,83,55
395,0318,Carvanha,Water,Dark,305,45,90,20,65,20,65
396,0319,Sharpedo,Water,Dark,460,70,120,40,95,40,95
397,0319,Sharpedo,Water,Dark,560,70,140,70,110,65,105
398,0320,Wailmer,Water,Nil,400,130,70,35,70,35,60
399,0321,Wailord,Water,Nil,500,170,90,45,90,45,60
400,0322,Numel,Fire,Ground,305,60,60,40,65,45,35
401,0323,Camerupt,Fire,Ground,460,70,100,70,105,75,40
402,0323,Camerupt,Fire,Ground,560,70,120,100,145,105,20
403,0324,Torkoal,Fire,Nil,470,70,85,140,85,70,20
404,0325,Spoink,Psychic,Nil,330,60,25,35,70,80,60
405,0326,Grumpig,Psychic,Nil,470,80,45,65,90,110,80
406,0327,Spinda,Normal,Nil,360,60,60,60,60,60,60
407,0328,Trapinch,Ground,Nil,290,45,100,45,45,45,10
408,0329,Vibrava,Ground,Dragon,340,50,70,50,50,50,70
409,0330,Flygon,Ground,Dragon,520,80,100,80,80,80,100
410,0331,Cacnea,Grass,Nil,335,50,85,40,85,40,35
411,0332,Cacturne,Grass,Dark,475,70,115,60,115,60,55
412,0333,Swablu,Normal,Flying,310,45,40,60,40,75,50
413,0334,Altaria,Dragon,Flying,490,75,70,90,70,105,80
414,0334,Altaria,Dragon,Fairy,590,75,110,110,110,105,80
415,0335,Zangoose,Normal,Nil,458,73,115,60,60,60,90
416,0336,Seviper,Poison,Nil,458,73,100,60,100,60,65
417,0337,Lunatone,Rock,Psychic,460,90,55,65,95,85,70
418,0338,Solrock,Rock,Psychic,460,90,95,85,55,65,70
419,0339,Barboach,Water,Ground,288,50,48,43,46,41,60
420,0340,Whiscash,Water,Ground,468,110,78,73,76,71,60
421,0341,Corphish,Water,Nil,308,43,80,65,50,35,35
422,0342,Crawdaunt,Water,Dark,468,63,120,85,90,55,55
423,0343,Baltoy,Ground,Psychic,300,40,40,55,40,70,55
424,0344,Claydol,Ground,Psychic,500,60,70,105,70,120,75
425,0345,Lileep,Rock,Grass,355,66,41,77,61,87,23
426,0346,Cradily,Rock,Grass,495,86,81,97,81,107,43
427,0347,Anorith,Rock,Bug,355,45,95,50,40,50,75
428,0348,Armaldo,Rock,Bug,495,75,125,100,70,80,45
429,0349,Feebas,Water,Nil,200,20,15,20,10,55,80
430,0350,Milotic,Water,Nil,540,95,60,79,100,125,81
431,0351,Castform,Normal,Nil,420,70,70,70,70,70,70
432,0351,Castform,Fire,Nil,420,70,70,70,70,70,70
433,0351,Castform,Water,Nil,420,70,70,70,70,70,70
434,0351,Castform,Ice,Nil,420,70,70,70,70,70,70
435,0352,Kecleon,Normal,Nil,440,60,90,70,60,120,40
436,0353,Shuppet,Ghost,Nil,295,44,75,35,63,33,45
437,0354,Banette,Ghost,Nil,455,64,115,65,83,63,65
438,0354,Banette,Ghost,Nil,555,64,165,75,93,83,75
439,0355,Duskull,Ghost,Nil,295,20,40,90,30,90,25
440,0356,Dusclops,Ghost,Nil,455,40,70,130,60,130,25
441,0357,Tropius,Grass,Flying,460,99,68,83,72,87,51
442,0358,Chimecho,Psychic,Nil,455,75,50,80,95,90,65
443,0359,Absol,Dark,Nil,465,65,130,60,75,60,75
444,0359,Absol,Dark,Nil,565,65,150,60,115,60,115
445,0360,Wynaut,Psychic,Nil,260,95,23,48,23,48,23
446,0361,Snorunt,Ice,Nil,300,50,50,50,50,50,50
447,0362,Glalie,Ice,Nil,480,80,80,80,80,80,80
448,0362,Glalie,Ice,Nil,580,80,120,80,120,80,100
449,0363,Spheal,Ice,Water,290,70,40,50,55,50,25
450,0364,Sealeo,Ice,Water,410,90,60,70,75,70,45
451,0365,Walrein,Ice,Water,530,110,80,90,95,90,65
452,0366,Clamperl,Water,Nil,345,35,64,85,74,55,32
453,0367,Huntail,Water,Nil,485,55,104,105,94,75,52
454,0368,Gorebyss,Water,Nil,485,55,84,105,114,75,52
455,0369,Relicanth,Water,Rock,485,100,90,130,45,65,55
456,0370,Luvdisc,Water,Nil,330,43,30,55,40,65,97
457,0371,Bagon,Dragon,Nil,300,45,75,60,40,30,50
458,0372,Shelgon,Dragon,Nil,420,65,95,100,60,50,50
459,0373,Salamence,Dragon,Flying,600,95,135,80,110,80,100
460,0373,Salamence,Dragon,Flying,700,95,145,130,120,90,120
461,0374,Beldum,Steel,Psychic,300,40,55,80,35,60,30
462,0375,Metang,Steel,Psychic,420,60,75,100,55,80,50
463,0376,Metagross,Steel,Psychic,600,80,135,130,95,90,70
464,0376,Metagross,Steel,Psychic,700,80,145,150,105,110,110
465,0377,Regirock,Rock,Nil,580,80,100,200,50,100,50
466,0378,Regice,Ice,Nil,580,80,50,100,100,200,50
467,0379,Registeel,Steel,Nil,580,80,75,150,75,150,50
468,0380,Latias,Dragon,Psychic,600,80,80,90,110,130,110
469,0380,Latias,Dragon,Psychic,700,80,100,120,140,150,110
470,0381,Latios,Dragon,Psychic,600,80,90,80,130,110,110
471,0381,Latios,Dragon,Psychic,700,80,130,100,160,120,110
472,0382,Kyogre,Water,Nil,670,100,100,90,150,140,90
473,0382,Kyogre,Water,Nil,770,100,150,90,180,160,90
474,0383,Groudon,Ground,Nil,670,100,150,140,100,90,90
475,0383,Groudon,Ground,Fire,770,100,180,160,150,90,90
476,0384,Rayquaza,Dragon,Flying,680,105,150,90,150,90,95
477,0384,Rayquaza,Dragon,Flying,780,105,180,100,180,100,115
478,0385,Jirachi,Steel,Psychic,600,100,100,100,100,100,100
479,0386,Deoxys,Psychic,Nil,600,50,150,50,150,50,150
480,0386,Deoxys,Psychic,Nil,600,50,180,20,180,20,150
481,0386,Deoxys,Psychic,Nil,600,50,70,160,70,160,90
482,0386,Deoxys,Psychic,Nil,600,50,95,90,95,90,180
483,0387,Turtwig,Grass,Nil,318,55,68,64,45,55,31
484,0388,Grotle,Grass,Nil,405,75,89,85,55,65,36
485,0389,Torterra,Grass,Ground,525,95,109,105,75,85,56
486,0390,Chimchar,Fire,Nil,309,44,58,44,58,44,61
487,0391,Monferno,Fire,Fighting,405,64,78,52,78,52,81
488,0392,Infernape,Fire,Fighting,534,76,104,71,104,71,108
489,0393,Piplup,Water,Nil,314,53,51,53,61,56,40
490,0394,Prinplup,Water,Nil,405,64,66,68,81,76,50
491,0395,Empoleon,Water,Steel,530,84,86,88,111,101,60
492,0396,Starly,Normal,Flying,245,40,55,30,30,30,60
493,0397,Staravia,Normal,Flying,340,55,75,50,40,40,80
494,0398,Staraptor,Normal,Flying,485,85,120,70,50,60,100
495,0399,Bidoof,Normal,Nil,250,59,45,40,35,40,31
496,0400,Bibarel,Normal,Water,410,79,85,60,55,60,71
497,0401,Kricketot,Bug,Nil,194,37,25,41,25,41,25
498,0402,Kricketune,Bug,Nil,384,77,85,51,55,51,65
499,0403,Shinx,Electric,Nil,263,45,65,34,40,34,45
500,0404,Luxio,Electric,Nil,363,60,85,49,60,49,60
501,0405,Luxray,Electric,Nil,523,80,120,79,95,79,70
502,0406,Budew,Grass,Poison,280,40,30,35,50,70,55
503,0407,Roserade,Grass,Poison,515,60,70,65,125,105,90
504,0408,Cranidos,Rock,Nil,350,67,125,40,30,30,58
505,0409,Rampardos,Rock,Nil,495,97,165,60,65,50,58
506,0410,Shieldon,Rock,Steel,350,30,42,118,42,88,30
507,0411,Bastiodon,Rock,Steel,495,60,52,168,47,138,30
508,0412,Burmy,Bug,Nil,224,40,29,45,29,45,36
509,0412,Burmy,Bug,Nil,224,40,29,45,29,45,36
510,0412,Burmy,Bug,Nil,224,40,29,45,29,45,36
511,0413,Wormadam,Bug,Grass,424,60,59,85,79,105,36
512,0413,Wormadam,Bug,Ground,424,60,79,105,59,85,36
513,0413,Wormadam,Bug,Steel,424,60,69,95,69,95,36
514,0414,Mothim,Bug,Flying,424,70,94,50,94,50,66
515,0415,Combee,Bug,Flying,244,30,30,42,30,42,70
516,0416,Vespiquen,Bug,Flying,474,70,80,102,80,102,40
517,0417,Pachirisu,Electric,Nil,405,60,45,70,45,90,95
518,0418,Buizel,Water,Nil,330,55,65,35,60,30,85
519,0419,Floatzel,Water,Nil,495,85,105,55,85,50,115
520,0420,Cherubi,Grass,Nil,275,45,35,45,62,53,35
521,0421,Cherrim,Grass,Nil,450,70,60,70,87,78,85
522,0422,Shellos,Water,Nil,325,76,48,48,57,62,34
523,0423,Gastrodon,Water,Ground,475,111,83,68,92,82,39
524,0424,Ambipom,Normal,Nil,482,75,100,66,60,66,115
525,0425,Drifloon,Ghost,Flying,348,90,50,34,60,44,70
526,0426,Drifblim,Ghost,Flying,498,150,80,44,90,54,80
527,0427,Buneary,Normal,Nil,350,55,66,44,44,56,85
528,0428,Lopunny,Normal,Nil,480,65,76,84,54,96,105
529,0428,Lopunny,Normal,Fighting,580,65,136,94,54,96,135
530,0429,Mismagius,Ghost,Nil,495,60,60,60,105,105,105
531,0430,Honchkrow,Dark,Flying,505,100,125,52,105,52,71
532,0431,Glameow,Normal,Nil,310,49,55,42,42,37,85
533,0432,Purugly,Normal,Nil,452,71,82,64,64,59,112
534,0433,Chingling,Psychic,Nil,285,45,30,50,65,50,45
535,0434,Stunky,Poison,Dark,329,63,63,47,41,41,74
536,0435,Skuntank,Poison,Dark,479,103,93,67,71,61,84
537,0436,Bronzor,Steel,Psychic,300,57,24,86,24,86,23
538,0437,Bronzong,Steel,Psychic,500,67,89,116,79,116,33
539,0438,Bonsly,Rock,Nil,290,50,80,95,10,45,10
540,0439,Mime Jr.,Psychic,Fairy,310,20,25,45,70,90,60
541,0440,Happiny,Normal,Nil,220,100,5,5,15,65,30
542,0441,Chatot,Normal,Flying,411,76,65,45,92,42,91
543,0442,Spiritomb,Ghost,Dark,485,50,92,108,92,108,35
544,0443,Gible,Dragon,Ground,300,58,70,45,40,45,42
545,0444,Gabite,Dragon,Ground,410,68,90,65,50,55,82
546,0445,Garchomp,Dragon,Ground,600,108,130,95,80,85,102
547,0445,Garchomp,Dragon,Ground,700,108,170,115,120,95,92
548,0446,Munchlax,Normal,Nil,390,135,85,40,40,85,5
549,0447,Riolu,Fighting,Nil,285,40,70,40,35,40,60
550,0448,Lucario,Fighting,Steel,525,70,110,70,115,70,90
551,0448,Lucario,Fighting,Steel,625,70,145,88,140,70,112
552,0449,Hippopotas,Ground,Nil,330,68,72,78,38,42,32
553,0450,Hippowdon,Ground,Nil,525,108,112,118,68,72,47
554,0451,Skorupi,Poison,Bug,330,40,50,90,30,55,65
555,0452,Drapion,Poison,Dark,500,70,90,110,60,75,95
556,0453,Croagunk,Poison,Fighting,300,48,61,40,61,40,50
557,0454,Toxicroak,Poison,Fighting,490,83,106,65,86,65,85
558,0455,Carnivine,Grass,Nil,454,74,100,72,90,72,46
559,0456,Finneon,Water,Nil,330,49,49,56,49,61,66
560,0457,Lumineon,Water,Nil,460,69,69,76,69,86,91
561,0458,Mantyke,Water,Flying,345,45,20,50,60,120,50
562,0459,Snover,Grass,Ice,334,60,62,50,62,60,40
563,0460,Abomasnow,Grass,Ice,494,90,92,75,92,85,60
564,0460,Abomasnow,Grass,Ice,594,90,132,105,132,105,30
565,0461,Weavile,Dark,Ice,510,70,120,65,45,85,125
566,0462,Magnezone,Electric,Steel,535,70,70,115,130,90,60
567,0463,Lickilicky,Normal,Nil,515,110,85,95,80,95,50
568,0464,Rhyperior,Ground,Rock,535,115,140,130,55,55,40
569,0465,Tangrowth,Grass,Nil,535,100,100,125,110,50,50
570,0466,Electivire,Electric,Nil,540,75,123,67,95,85,95
571,0467,Magmortar,Fire,Nil,540,75,95,67,125,95,83
572,0468,Togekiss,Fairy,Flying,545,85,50,95,120,115,80
573,0469,Yanmega,Bug,Flying,515,86,76,86,116,56,95
574,0470,Leafeon,Grass,Nil,525,65,110,130,60,65,95
575,0471,Glaceon,Ice,Nil,525,65,60,110,130,95,65
576,0472,Gliscor,Ground,Flying,510,75,95,125,45,75,95
577,0473,Mamoswine,Ice,Ground,530,110,130,80,70,60,80
578,0474,Porygon-Z,Normal,Nil,535,85,80,70,135,75,90
579,0475,Gallade,Psychic,Fighting,518,68,125,65,65,115,80
580,0475,Gallade,Psychic,Fighting,618,68,165,95,65,115,110
581,0476,Probopass,Rock,Steel,525,60,55,145,75,150,40
582,0477,Dusknoir,Ghost,Nil,525,45,100,135,65,135,45
583,0478,Froslass,Ice,Ghost,480,70,80,70,80,70,110
584,0479,Rotom,Electric,Ghost,440,50,50,77,95,77,91
585,0479,Rotom,Electric,Fire,520,50,65,107,105,107,86
586,0479,Rotom,Electric,Water,520,50,65,107,105,107,86
587,0479,Rotom,Electric,Ice,520,50,65,107,105,107,86
588,0479,Rotom,Electric,Flying,520,50,65,107,105,107,86
589,0479,Rotom,Electric,Grass,520,50,65,107,105,107,86
590,0480,Uxie,Psychic,Nil,580,75,75,130,75,130,95
591,0481,Mesprit,Psychic,Nil,580,80,105,105,105,105,80
592,0482,Azelf,Psychic,Nil,580,75,125,70,125,70,115
593,0483,Dialga,Steel,Dragon,680,100,120,120,150,100,90
594,0483,Dialga,Steel,Dragon,680,100,100,120,150,120,90
595,0484,Palkia,Water,Dragon,680,90,120,100,150,120,100
596,0484,Palkia,Water,Dragon,680,90,100,100,150,120,120
597,0485,Heatran,Fire,Steel,600,91,90,106,130,106,77
598,0486,Regigigas,Normal,Nil,670,110,160,110,80,110,100
599,0487,Giratina,Ghost,Dragon,680,150,100,120,100,120,90
600,0487,Giratina,Ghost,Dragon,680,150,120,100,120,100,90
601,0488,Cresselia,Psychic,Nil,580,120,70,110,75,120,85
602,0489,Phione,Water,Nil,480,80,80,80,80,80,80
603,0490,Manaphy,Water,Nil,600,100,100,100,100,100,100
604,0491,Darkrai,Dark,Nil,600,70,90,90,135,90,125
605,0492,Shaymin,Grass,Nil,600,100,100,100,100,100,100
606,0492,Shaymin,Grass,Flying,600,100,103,75,120,75,127
607,0493,Arceus,Normal,Nil,720,120,120,120,120,120,120
608,0494,Victini,Psychic,Fire,600,100,100,100,100,100,100
609,0495,Snivy,Grass,Nil,308,45,45,55,45,55,63
610,0496,Servine,Grass,Nil,413,60,60,75,60,75,83
611,0497,Serperior,Grass,Nil,528,75,75,95,75,95,113
612,0498,Tepig,Fire,Nil,308,65,63,45,45,45,45
613,0499,Pignite,Fire,Fighting,418,90,93,55,70,55,55
614,0500,Emboar,Fire,Fighting,528,110,123,65,100,65,65
615,0501,Oshawott,Water,Nil,308,55,55,45,63,45,45
616,0502,Dewott,Water,Nil,413,75,75,60,83,60,60
617,0503,Samurott,Water,Nil,528,95,100,85,108,70,70
618,0503,Samurott,Water,Dark,528,90,108,80,100,65,85
619,0504,Patrat,Normal,Nil,255,45,55,39,35,39,42
620,0505,Watchog,Normal,Nil,420,60,85,69,60,69,77
621,0506,Lillipup,Normal,Nil,275,45,60,45,25,45,55
622,0507,Herdier,Normal,Nil,370,65,80,65,35,65,60
623,0508,Stoutland,Normal,Nil,500,85,110,90,45,90,80
624,0509,Purrloin,Dark,Nil,281,41,50,37,50,37,66
625,0510,Liepard,Dark,Nil,446,64,88,50,88,50,106
626,0511,Pansage,Grass,Nil,316,50,53,48,53,48,64
627,0512,Simisage,Grass,Nil,498,75,98,63,98,63,101
628,0513,Pansear,Fire,Nil,316,50,53,48,53,48,64
629,0514,Simisear,Fire,Nil,498,75,98,63,98,63,101
630,0515,Panpour,Water,Nil,316,50,53,48,53,48,64
631,0516,Simipour,Water,Nil,498,75,98,63,98,63,101
632,0517,Munna,Psychic,Nil,292,76,25,45,67,55,24
633,0518,Musharna,Psychic,Nil,487,116,55,85,107,95,29
634,0519,Pidove,Normal,Flying,264,50,55,50,36,30,43
635,0520,Tranquill,Normal,Flying,358,62,77,62,50,42,65
636,0521,Unfezant,Normal,Flying,488,80,115,80,65,55,93
637,0522,Blitzle,Electric,Nil,295,45,60,32,50,32,76
638,0523,Zebstrika,Electric,Nil,497,75,100,63,80,63,116
639,0524,Roggenrola,Rock,Nil,280,55,75,85,25,25,15
640,0525,Boldore,Rock,Nil,390,70,105,105,50,40,20
641,0526,Gigalith,Rock,Nil,515,85,135,130,60,80,25
642,0527,Woobat,Psychic,Flying,323,65,45,43,55,43,72
643,0528,Swoobat,Psychic,Flying,425,67,57,55,77,55,114
644,0529,Drilbur,Ground,Nil,328,60,85,40,30,45,68
645,0530,Excadrill,Ground,Steel,508,110,135,60,50,65,88
646,0531,Audino,Normal,Nil,445,103,60,86,60,86,50
647,0531,Audino,Normal,Fairy,545,103,60,126,80,126,50
648,0532,Timburr,Fighting,Nil,305,75,80,55,25,35,35
649,0533,Gurdurr,Fighting,Nil,405,85,105,85,40,50,40
650,0534,Conkeldurr,Fighting,Nil,505,105,140,95,55,65,45
651,0535,Tympole,Water,Nil,294,50,50,40,50,40,64
652,0536,Palpitoad,Water,Ground,384,75,65,55,65,55,69
653,0537,Seismitoad,Water,Ground,509,105,95,75,85,75,74
654,0538,Throh,Fighting,Nil,465,120,100,85,30,85,45
655,0539,Sawk,Fighting,Nil,465,75,125,75,30,75,85
656,0540,Sewaddle,Bug,Grass,310,45,53,70,40,60,42
657,0541,Swadloon,Bug,Grass,380,55,63,90,50,80,42
658,0542,Leavanny,Bug,Grass,500,75,103,80,70,80,92
659,0543,Venipede,Bug,Poison,260,30,45,59,30,39,57
660,0544,Whirlipede,Bug,Poison,360,40,55,99,40,79,47
661,0545,Scolipede,Bug,Poison,485,60,100,89,55,69,112
662,0546,Cottonee,Grass,Fairy,280,40,27,60,37,50,66
663,0547,Whimsicott,Grass,Fairy,480,60,67,85,77,75,116
664,0548,Petilil,Grass,Nil,280,45,35,50,70,50,30
665,0549,Lilligant,Grass,Nil,480,70,60,75,110,75,90
666,0549,Lilligant,Grass,Fighting,480,70,105,75,50,75,105
667,0550,Basculin,Water,Nil,460,70,92,65,80,55,98
668,0550,Basculin,Water,Nil,460,70,92,65,80,55,98
669,0550,Basculin,Water,Nil,460,70,92,65,80,55,98
670,0551,Sandile,Ground,Dark,292,50,72,35,35,35,65
671,0552,Krokorok,Ground,Dark,351,60,82,45,45,45,74
672,0553,Krookodile,Ground,Dark,519,95,117,80,65,70,92
673,0554,Darumaka,Fire,Nil,315,70,90,45,15,45,50
674,0554,Darumaka,Ice,Nil,315,70,90,45,15,45,50
675,0555,Darmanitan,Fire,Nil,480,105,140,55,30,55,95
676,0555,Darmanitan,Fire,Psychic,540,105,30,105,140,105,55
677,0555,Darmanitan,Ice,Nil,480,105,140,55,30,55,95
678,0555,Darmanitan,Ice,Fire,540,105,160,55,30,55,135
679,0556,Maractus,Grass,Nil,461,75,86,67,106,67,60
680,0557,Dwebble,Bug,Rock,325,50,65,85,35,35,55
681,0558,Crustle,Bug,Rock,485,70,105,125,65,75,45
682,0559,Scraggy,Dark,Fighting,348,50,75,70,35,70,48
683,0560,Scrafty,Dark,Fighting,488,65,90,115,45,115,58
684,0561,Sigilyph,Psychic,Flying,490,72,58,80,103,80,97
685,0562,Yamask,Ghost,Nil,303,38,30,85,55,65,30
686,0562,Yamask,Ground,Ghost,303,38,55,85,30,65,30
687,0563,Cofagrigus,Ghost,Nil,483,58,50,145,95,105,30
688,0564,Tirtouga,Water,Rock,355,54,78,103,53,45,22
689,0565,Carracosta,Water,Rock,495,74,108,133,83,65,32
690,0566,Archen,Rock,Flying,401,55,112,45,74,45,70
691,0567,Archeops,Rock,Flying,567,75,140,65,112,65,110
692,0568,Trubbish,Poison,Nil,329,50,50,62,40,62,65
693,0569,Garbodor,Poison,Nil,474,80,95,82,60,82,75
694,0570,Zorua,Dark,Nil,330,40,65,40,80,40,65
695,0570,Zorua,Normal,Ghost,330,35,60,40,85,40,70
696,0571,Zoroark,Dark,Nil,510,60,105,60,120,60,105
697,0571,Zoroark,Normal,Ghost,510,55,100,60,125,60,110
698,0572,Minccino,Normal,Nil,300,55,50,40,40,40,75
699,0573,Cinccino,Normal,Nil,470,75,95,60,65,60,115
700,0574,Gothita,Psychic,Nil,290,45,30,50,55,65,45
701,0575,Gothorita,Psychic,Nil,390,60,45,70,75,85,55
702,0576,Gothitelle,Psychic,Nil,490,70,55,95,95,110,65
703,0577,Solosis,Psychic,Nil,290,45,30,40,105,50,20
704,0578,Duosion,Psychic,Nil,370,65,40,50,125,60,30
705,0579,Reuniclus,Psychic,Nil,490,110,65,75,125,85,30
706,0580,Ducklett,Water,Flying,305,62,44,50,44,50,55
707,0581,Swanna,Water,Flying,473,75,87,63,87,63,98
708,0582,Vanillite,Ice,Nil,305,36,50,50,65,60,44
709,0583,Vanillish,Ice,Nil,395,51,65,65,80,75,59
710,0584,Vanilluxe,Ice,Nil,535,71,95,85,110,95,79
711,0585,Deerling,Normal,Grass,335,60,60,50,40,50,75
712,0586,Sawsbuck,Normal,Grass,475,80,100,70,60,70,95
713,0587,Emolga,Electric,Flying,428,55,75,60,75,60,103
714,0588,Karrablast,Bug,Nil,315,50,75,45,40,45,60
715,0589,Escavalier,Bug,Steel,495,70,135,105,60,105,20
716,0590,Foongus,Grass,Poison,294,69,55,45,55,55,15
717,0591,Amoonguss,Grass,Poison,464,114,85,70,85,80,30
718,0592,Frillish,Water,Ghost,335,55,40,50,65,85,40
719,0593,Jellicent,Water,Ghost,480,100,60,70,85,105,60
720,0594,Alomomola,Water,Nil,470,165,75,80,40,45,65
721,0595,Joltik,Bug,Electric,319,50,47,50,57,50,65
722,0596,Galvantula,Bug,Electric,472,70,77,60,97,60,108
723,0597,Ferroseed,Grass,Steel,305,44,50,91,24,86,10
724,0598,Ferrothorn,Grass,Steel,489,74,94,131,54,116,20
725,0599,Klink,Steel,Nil,300,40,55,70,45,60,30
726,0600,Klang,Steel,Nil,440,60,80,95,70,85,50
727,0601,Klinklang,Steel,Nil,520,60,100,115,70,85,90
728,0602,Tynamo,Electric,Nil,275,35,55,40,45,40,60
729,0603,Eelektrik,Electric,Nil,405,65,85,70,75,70,40
730,0604,Eelektross,Electric,Nil,515,85,115,80,105,80,50
731,0605,Elgyem,Psychic,Nil,335,55,55,55,85,55,30
732,0606,Beheeyem,Psychic,Nil,485,75,75,75,125,95,40
733,0607,Litwick,Ghost,Fire,275,50,30,55,65,55,20
734,0608,Lampent,Ghost,Fire,370,60,40,60,95,60,55
735,0609,Chandelure,Ghost,Fire,520,60,55,90,145,90,80
736,0610,Axew,Dragon,Nil,320,46,87,60,30,40,57
737,0611,Fraxure,Dragon,Nil,410,66,117,70,40,50,67
738,0612,Haxorus,Dragon,Nil,540,76,147,90,60,70,97
739,0613,Cubchoo,Ice,Nil,305,55,70,40,60,40,40
740,0614,Beartic,Ice,Nil,505,95,130,80,70,80,50
741,0615,Cryogonal,Ice,Nil,515,80,50,50,95,135,105
742,0616,Shelmet,Bug,Nil,305,50,40,85,40,65,25
743,0617,Accelgor,Bug,Nil,495,80,70,40,100,60,145
744,0618,Stunfisk,Ground,Electric,471,109,66,84,81,99,32
745,0618,Stunfisk,Ground,Steel,471,109,81,99,66,84,32
746,0619,Mienfoo,Fighting,Nil,350,45,85,50,55,50,65
747,0620,Mienshao,Fighting,Nil,510,65,125,60,95,60,105
748,0621,Druddigon,Dragon,Nil,485,77,120,90,60,90,48
749,0622,Golett,Ground,Ghost,303,59,74,50,35,50,35
750,0623,Golurk,Ground,Ghost,483,89,124,80,55,80,55
751,0624,Pawniard,Dark,Steel,340,45,85,70,40,40,60
752,0625,Bisharp,Dark,Steel,490,65,125,100,60,70,70
753,0626,Bouffalant,Normal,Nil,490,95,110,95,40,95,55
754,0627,Rufflet,Normal,Flying,350,70,83,50,37,50,60
755,0628,Braviary,Normal,Flying,510,100,123,75,57,75,80
756,0628,Braviary,Psychic,Flying,510,110,83,70,112,70,65
757,0629,Vullaby,Dark,Flying,370,70,55,75,45,65,60
758,0630,Mandibuzz,Dark,Flying,510,110,65,105,55,95,80
759,0631,Heatmor,Fire,Nil,484,85,97,66,105,66,65
760,0632,Durant,Bug,Steel,484,58,109,112,48,48,109
761,0633,Deino,Dark,Dragon,300,52,65,50,45,50,38
762,0634,Zweilous,Dark,Dragon,420,72,85,70,65,70,58
763,0635,Hydreigon,Dark,Dragon,600,92,105,90,125,90,98
764,0636,Larvesta,Bug,Fire,360,55,85,55,50,55,60
765,0637,Volcarona,Bug,Fire,550,85,60,65,135,105,100
766,0638,Cobalion,Steel,Fighting,580,91,90,129,90,72,108
767,0639,Terrakion,Rock,Fighting,580,91,129,90,72,90,108
768,0640,Virizion,Grass,Fighting,580,91,90,72,90,129,108
769,0641,Tornadus,Flying,Nil,580,79,115,70,125,80,111
770,0641,Tornadus,Flying,Nil,580,79,100,80,110,90,121
771,0642,Thundurus,Electric,Flying,580,79,115,70,125,80,111
772,0642,Thundurus,Electric,Flying,580,79,105,70,145,80,101
773,0643,Reshiram,Dragon,Fire,680,100,120,100,150,120,90
774,0644,Zekrom,Dragon,Electric,680,100,150,120,120,100,90
775,0645,Landorus,Ground,Flying,600,89,125,90,115,80,101
776,0645,Landorus,Ground,Flying,600,89,145,90,105,80,91
777,0646,Kyurem,Dragon,Ice,660,125,130,90,130,90,95
778,0646,Kyurem,Dragon,Ice,700,125,120,90,170,100,95
779,0646,Kyurem,Dragon,Ice,700,125,170,100,120,90,95
780,0647,Keldeo,Water,Fighting,580,91,72,90,129,90,108
781,0647,Keldeo,Water,Fighting,580,91,72,90,129,90,108
782,0648,Meloetta,Normal,Psychic,600,100,77,77,128,128,90
783,0648,Meloetta,Normal,Fighting,600,100,128,90,77,77,128
784,0649,Genesect,Bug,Steel,600,71,120,95,120,95,99
785,0650,Chespin,Grass,Nil,313,56,61,65,48,45,38
786,0651,Quilladin,Grass,Nil,405,61,78,95,56,58,57
787,0652,Chesnaught,Grass,Fighting,530,88,107,122,74,75,64
788,0653,Fennekin,Fire,Nil,307,40,45,40,62,60,60
789,0654,Braixen,Fire,Nil,409,59,59,58,90,70,73
790,0655,Delphox,Fire,Psychic,534,75,69,72,114,100,104
791,0656,Froakie,Water,Nil,314,41,56,40,62,44,71
792,0657,Frogadier,Water,Nil,405,54,63,52,83,56,97
793,0658,Greninja,Water,Dark,530,72,95,67,103,71,122
794,0658,Greninja,Water,Dark,640,72,145,67,153,71,132
795,0659,Bunnelby,Normal,Nil,237,38,36,38,32,36,57
796,0660,Diggersby,Normal,Ground,423,85,56,77,50,77,78
797,0661,Fletchling,Normal,Flying,278,45,50,43,40,38,62
798,0662,Fletchinder,Fire,Flying,382,62,73,55,56,52,84
799,0663,Talonflame,Fire,Flying,499,78,81,71,74,69,126
800,0664,Scatterbug,Bug,Nil,200,38,35,40,27,25,35
801,0665,Spewpa,Bug,Nil,213,45,22,60,27,30,29
802,0666,Vivillon,Bug,Flying,411,80,52,50,90,50,89
803,0667,Litleo,Fire,Normal,369,62,50,58,73,54,72
804,0668,Pyroar,Fire,Normal,507,86,68,72,109,66,106
805,0669,Flabébé,Fairy,Nil,303,44,38,39,61,79,42
806,0670,Floette,Fairy,Nil,371,54,45,47,75,98,52
807,0671,Florges,Fairy,Nil,552,78,65,68,112,154,75
808,0672,Skiddo,Grass,Nil,350,66,65,48,62,57,52
809,0673,Gogoat,Grass,Nil,531,123,100,62,97,81,68
810,0674,Pancham,Fighting,Nil,348,67,82,62,46,48,43
811,0675,Pangoro,Fighting,Dark,495,95,124,78,69,71,58
812,0676,Furfrou,Normal,Nil,472,75,80,60,65,90,102
813,0677,Espurr,Psychic,Nil,355,62,48,54,63,60,68
814,0678,Meowstic,Psychic,Nil,466,74,48,76,83,81,104
815,0678,Meowstic,Psychic,Nil,466,74,48,76,83,81,104
816,0679,Honedge,Steel,Ghost,325,45,80,100,35,37,28
817,0680,Doublade,Steel,Ghost,448,59,110,150,45,49,35
818,0681,Aegislash,Steel,Ghost,500,60,50,140,50,140,60
819,0681,Aegislash,Steel,Ghost,500,60,140,50,140,50,60
820,0682,Spritzee,Fairy,Nil,341,78,52,60,63,65,23
821,0683,Aromatisse,Fairy,Nil,462,101,72,72,99,89,29
822,0684,Swirlix,Fairy,Nil,341,62,48,66,59,57,49
823,0685,Slurpuff,Fairy,Nil,480,82,80,86,85,75,72
824,0686,Inkay,Dark,Psychic,288,53,54,53,37,46,45
825,0687,Malamar,Dark,Psychic,482,86,92,88,68,75,73
826,0687,Malamar,Dark,Psychic,582,86,102,88,98,120,88
827,0688,Binacle,Rock,Water,306,42,52,67,39,56,50
828,0689,Barbaracle,Rock,Water,500,72,105,115,54,86,68
829,0690,Skrelp,Poison,Water,320,50,60,60,60,60,30
830,0691,Dragalge,Poison,Dragon,494,65,75,90,97,123,44
831,0692,Clauncher,Water,Nil,330,50,53,62,58,63,44
832,0693,Clawitzer,Water,Nil,500,71,73,88,120,89,59
833,0694,Helioptile,Electric,Normal,289,44,38,33,61,43,70
834,0695,Heliolisk,Electric,Normal,481,62,55,52,109,94,109
835,0696,Tyrunt,Rock,Dragon,362,58,89,77,45,45,48
836,0697,Tyrantrum,Rock,Dragon,521,82,121,119,69,59,71
837,0698,Amaura,Rock,Ice,362,77,59,50,67,63,46
838,0699,Aurorus,Rock,Ice,521,123,77,72,99,92,58
839,0700,Sylveon,Fairy,Nil,525,95,65,65,110,130,60
840,0701,Hawlucha,Fighting,Flying,500,78,92,75,74,63,118
841,0701,Hawlucha,Fighting,Flying,600,78,137,100,74,93,118
842,0702,Dedenne,Electric,Fairy,431,67,58,57,81,67,101
843,0703,Carbink,Rock,Fairy,500,50,50,150,50,150,50
844,0704,Goomy,Dragon,Nil,300,45,50,35,55,75,40
845,0705,Sliggoo,Dragon,Nil,452,68,75,53,83,113,60
846,0705,Sliggoo,Steel,Dragon,452,58,75,83,83,113,40
847,0706,Goodra,Dragon,Nil,600,90,100,70,110,150,80
848,0706,Goodra,Steel,Dragon,600,80,100,100,110,150,60
849,0707,Klefki,Steel,Fairy,470,57,80,91,80,87,75
850,0708,Phantump,Ghost,Grass,309,43,70,48,50,60,38
851,0709,Trevenant,Ghost,Grass,474,85,110,76,65,82,56
852,0710,Pumpkaboo,Ghost,Grass,335,49,66,70,44,55,51
853,0710,Pumpkaboo,Ghost,Grass,335,44,66,70,44,55,56
854,0710,Pumpkaboo,Ghost,Grass,335,54,66,70,44,55,46
855,0710,Pumpkaboo,Ghost,Grass,335,59,66,70,44,55,41
856,0711,Gourgeist,Ghost,Grass,494,65,90,122,58,75,84
857,0711,Gourgeist,Ghost,Grass,494,55,85,122,58,75,99
858,0711,Gourgeist,Ghost,Grass,494,75,95,122,58,75,69
859,0711,Gourgeist,Ghost,Grass,494,85,100,122,58,75,54
860,0712,Bergmite,Ice,Nil,304,55,69,85,32,35,28
861,0713,Avalugg,Ice,Nil,514,95,117,184,44,46,28
862,0713,Avalugg,Ice,Rock,514,95,127,184,34,36,38
863,0714,Noibat,Flying,Dragon,245,40,30,35,45,40,55
864,0715,Noivern,Flying,Dragon,535,85,70,80,97,80,123
865,0716,Xerneas,Fairy,Nil,680,126,131,95,131,98,99
866,0717,Yveltal,Dark,Flying,680,126,131,95,131,98,99
867,0718,Zygarde,Dragon,Ground,600,108,100,121,81,95,95
868,0718,Zygarde,Dragon,Ground,486,54,100,71,61,85,115
869,0718,Zygarde,Dragon,Ground,708,216,100,121,91,95,85
870,0719,Diancie,Rock,Fairy,600,50,100,150,100,150,50
871,0719,Diancie,Rock,Fairy,700,50,160,110,160,110,110
872,0720,Hoopa,Psychic,Ghost,600,80,110,60,150,130,70
873,0720,Hoopa,Psychic,Dark,680,80,160,60,170,130,80
874,0721,Volcanion,Fire,Water,600,80,110,120,130,90,70
875,0722,Rowlet,Grass,Flying,320,68,55,55,50,50,42
876,0723,Dartrix,Grass,Flying,420,78,75,75,70,70,52
877,0724,Decidueye,Grass,Ghost,530,78,107,75,100,100,70
878,0724,Decidueye,Grass,Fighting,530,88,112,80,95,95,60
879,0725,Litten,Fire,Nil,320,45,65,40,60,40,70
880,0726,Torracat,Fire,Nil,420,65,85,50,80,50,90
881,0727,Incineroar,Fire,Dark,530,95,115,90,80,90,60
882,0728,Popplio,Water,Nil,320,50,54,54,66,56,40
883,0729,Brionne,Water,Nil,420,60,69,69,91,81,50
884,0730,Primarina,Water,Fairy,530,80,74,74,126,116,60
885,0731,Pikipek,Normal,Flying,265,35,75,30,30,30,65
886,0732,Trumbeak,Normal,Flying,355,55,85,50,40,50,75
887,0733,Toucannon,Normal,Flying,485,80,120,75,75,75,60
888,0734,Yungoos,Normal,Nil,253,48,70,30,30,30,45
889,0735,Gumshoos,Normal,Nil,418,88,110,60,55,60,45
890,0736,Grubbin,Bug,Nil,300,47,62,45,55,45,46
891,0737,Charjabug,Bug,Electric,400,57,82,95,55,75,36
892,0738,Vikavolt,Bug,Electric,500,77,70,90,145,75,43
893,0739,Crabrawler,Fighting,Nil,338,47,82,57,42,47,63
894,0740,Crabominable,Fighting,Ice,478,97,132,77,62,67,43
895,0741,Oricorio,Fire,Flying,476,75,70,70,98,70,93
896,0741,Oricorio,Electric,Flying,476,75,70,70,98,70,93
897,0741,Oricorio,Psychic,Flying,476,75,70,70,98,70,93
898,0741,Oricorio,Ghost,Flying,476,75,70,70,98,70,93
899,0742,Cutiefly,Bug,Fairy,304,40,45,40,55,40,84
900,0743,Ribombee,Bug,Fairy,464,60,55,60,95,70,124
901,0744,Rockruff,Rock,Nil,280,45,65,40,30,40,60
902,0744,Rockruff,Rock,Nil,280,45,65,40,30,40,60
903,0745,Lycanroc,Rock,Nil,487,75,115,65,55,65,112
904,0745,Lycanroc,Rock,Nil,487,85,115,75,55,75,82
905,0745,Lycanroc,Rock,Nil,487,75,117,65,55,65,110
906,0746,Wishiwashi,Water,Nil,175,45,20,20,25,25,40
907,0746,Wishiwashi,Water,Nil,620,45,140,130,140,135,30
908,0747,Mareanie,Poison,Water,305,50,53,62,43,52,45
909,0748,Toxapex,Poison,Water,495,50,63,152,53,142,35
910,0749,Mudbray,Ground,Nil,385,70,100,70,45,55,45
911,0750,Mudsdale,Ground,Nil,500,100,125,100,55,85,35
912,0751,Dewpider,Water,Bug,269,38,40,52,40,72,27
913,0752,Araquanid,Water,Bug,454,68,70,92,50,132,42
914,0753,Fomantis,Grass,Nil,250,40,55,35,50,35,35
915,0754,Lurantis,Grass,Nil,480,70,105,90,80,90,45
916,0755,Morelull,Grass,Fairy,285,40,35,55,65,75,15
917,0756,Shiinotic,Grass,Fairy,405,60,45,80,90,100,30
918,0757,Salandit,Poison,Fire,320,48,44,40,71,40,77
919,0758,Salazzle,Poison,Fire,480,68,64,60,111,60,117
920,0759,Stufful,Normal,Fighting,340,70,75,50,45,50,50
921,0760,Bewear,Normal,Fighting,500,120,125,80,55,60,60
922,0761,Bounsweet,Grass,Nil,210,42,30,38,30,38,32
923,0762,Steenee,Grass,Nil,290,52,40,48,40,48,62
924,0763,Tsareena,Grass,Nil,510,72,120,98,50,98,72
925,0764,Comfey,Fairy,Nil,485,51,52,90,82,110,100
926,0765,Oranguru,Normal,Psychic,490,90,60,80,90,110,60
927,0766,Passimian,Fighting,Nil,490,100,120,90,40,60,80
928,0767,Wimpod,Bug,Water,230,25,35,40,20,30,80
929,0768,Golisopod,Bug,Water,530,75,125,140,60,90,40
930,0769,Sandygast,Ghost,Ground,320,55,55,80,70,45,15
931,0770,Palossand,Ghost,Ground,480,85,75,110,100,75,35
932,0771,Pyukumuku,Water,Nil,410,55,60,130,30,130,5
933,0772,Type: Null,Normal,Nil,534,95,95,95,95,95,59
934,0773,Silvally,Normal,Nil,570,95,95,95,95,95,95
935,0774,Minior,Rock,Flying,440,60,60,100,60,100,60
936,0774,Minior,Rock,Flying,500,60,100,60,100,60,120
937,0775,Komala,Normal,Nil,480,65,115,65,75,95,65
938,0776,Turtonator,Fire,Dragon,485,60,78,135,91,85,36
939,0777,Togedemaru,Electric,Steel,435,65,98,63,40,73,96
940,0778,Mimikyu,Ghost,Fairy,476,55,90,80,50,105,96
941,0779,Bruxish,Water,Psychic,475,68,105,70,70,70,92
942,0780,Drampa,Normal,Dragon,485,78,60,85,135,91,36
943,0781,Dhelmise,Ghost,Grass,517,70,131,100,86,90,40
944,0782,Jangmo-o,Dragon,Nil,300,45,55,65,45,45,45
945,0783,Hakamo-o,Dragon,Fighting,420,55,75,90,65,70,65
946,0784,Kommo-o,Dragon,Fighting,600,75,110,125,100,105,85
947,0785,Tapu Koko,Electric,Fairy,570,70,115,85,95,75,130
948,0786,Tapu Lele,Psychic,Fairy,570,70,85,75,130,115,95
949,0787,Tapu Bulu,Grass,Fairy,570,70,130,115,85,95,75
950,0788,Tapu Fini,Water,Fairy,570,70,75,115,95,130,85
951,0789,Cosmog,Psychic,Nil,200,43,29,31,29,31,37
952,0790,Cosmoem,Psychic,Nil,400,43,29,131,29,131,37
953,0791,Solgaleo,Psychic,Steel,680,137,137,107,113,89,97
954,0792,Lunala,Psychic,Ghost,680,137,113,89,137,107,97
955,0793,Nihilego,Rock,Poison,570,109,53,47,127,131,103
956,0794,Buzzwole,Bug,Fighting,570,107,139,139,53,53,79
957,0795,Pheromosa,Bug,Fighting,570,71,137,37,137,37,151
958,0796,Xurkitree,Electric,Nil,570,83,89,71,173,71,83
959,0797,Celesteela,Steel,Flying,570,97,101,103,107,101,61
960,0798,Kartana,Grass,Steel,570,59,181,131,59,31,109
961,0799,Guzzlord,Dark,Dragon,570,223,101,53,97,53,43
962,0800,Necrozma,Psychic,Nil,600,97,107,101,127,89,79
963,0800,Necrozma,Psychic,Steel,680,97,157,127,113,109,77
964,0800,Necrozma,Psychic,Ghost,680,97,113,109,157,127,77
965,0800,Necrozma,Psychic,Dragon,754,97,167,97,167,97,129
966,0801,Magearna,Steel,Fairy,600,80,95,115,130,115,65
967,0802,Marshadow,Fighting,Ghost,600,90,125,80,90,90,125
968,0803,Poipole,Poison,Nil,420,67,73,67,73,67,73
969,0804,Naganadel,Poison,Dragon,540,73,73,73,127,73,121
970,0805,Stakataka,Rock,Steel,570,61,131,211,53,101,13
971,0806,Blacephalon,Fire,Ghost,570,53,127,53,151,79,107
972,0807,Zeraora,Electric,Nil,600,88,112,75,102,80,143
973,0808,Meltan,Steel,Nil,300,46,65,65,55,35,34
974,0809,Melmetal,Steel,Nil,600,135,143,143,80,65,34
975,0810,Grookey,Grass,Nil,310,50,65,50,40,40,65
976,0811,Thwackey,Grass,Nil,420,70,85,70,55,60,80
977,0812,Rillaboom,Grass,Nil,530,100,125,90,60,70,85
978,0813,Scorbunny,Fire,Nil,310,50,71,40,40,40,69
979,0814,Raboot,Fire,Nil,420,65,86,60,55,60,94
980,0815,Cinderace,Fire,Nil,530,80,116,75,65,75,119
981,0816,Sobble,Water,Nil,310,50,40,40,70,40,70
982,0817,Drizzile,Water,Nil,420,65,60,55,95,55,90
983,0818,Inteleon,Water,Nil,530,70,85,65,125,65,120
984,0819,Skwovet,Normal,Nil,275,70,55,55,35,35,25
985,0820,Greedent,Normal,Nil,460,120,95,95,55,75,20
986,0821,Rookidee,Flying,Nil,245,38,47,35,33,35,57
987,0822,Corvisquire,Flying,Nil,365,68,67,55,43,55,77
988,0823,Corviknight,Flying,Steel,495,98,87,105,53,85,67
989,0824,Blipbug,Bug,Nil,180,25,20,20,25,45,45
990,0825,Dottler,Bug,Psychic,335,50,35,80,50,90,30
991,0826,Orbeetle,Bug,Psychic,505,60,45,110,80,120,90
992,0827,Nickit,Dark,Nil,245,40,28,28,47,52,50
993,0828,Thievul,Dark,Nil,455,70,58,58,87,92,90
994,0829,Gossifleur,Grass,Nil,250,40,40,60,40,60,10
995,0830,Eldegoss,Grass,Nil,460,60,50,90,80,120,60
996,0831,Wooloo,Normal,Nil,270,42,40,55,40,45,48
997,0832,Dubwool,Normal,Nil,490,72,80,100,60,90,88
998,0833,Chewtle,Water,Nil,284,50,64,50,38,38,44
999,0834,Drednaw,Water,Rock,485,90,115,90,48,68,74
1000,0835,Yamper,Electric,Nil,270,59,45,50,40,50,26
1001,0836,Boltund,Electric,Nil,490,69,90,60,90,60,121
1002,0837,Rolycoly,Rock,Nil,240,30,40,50,40,50,30
1003,0838,Carkol,Rock,Fire,410,80,60,90,60,70,50
1004,0839,Coalossal,Rock,Fire,510,110,80,120,80,90,30
1005,0840,Applin,Grass,Dragon,260,40,40,80,40,40,20
1006,0841,Flapple,Grass,Dragon,485,70,110,80,95,60,70
1007,0842,Appletun,Grass,Dragon,485,110,85,80,100,80,30
1008,0843,Silicobra,Ground,Nil,315,52,57,75,35,50,46
1009,0844,Sandaconda,Ground,Nil,510,72,107,125,65,70,71
1010,0845,Cramorant,Flying,Water,475,70,85,55,85,95,85
1011,0846,Arrokuda,Water,Nil,280,41,63,40,40,30,66
1012,0847,Barraskewda,Water,Nil,490,61,123,60,60,50,136
1013,0848,Toxel,Electric,Poison,242,40,38,35,54,35,40
1014,0849,Toxtricity,Electric,Poison,502,75,98,70,114,70,75
1015,0849,Toxtricity,Electric,Poison,502,75,98,70,114,70,75
1016,0850,Sizzlipede,Fire,Bug,305,50,65,45,50,50,45
1017,0851,Centiskorch,Fire,Bug,525,100,115,65,90,90,65
1018,0852,Clobbopus,Fighting,Nil,310,50,68,60,50,50,32
1019,0853,Grapploct,Fighting,Nil,480,80,118,90,70,80,42
1020,0854,Sinistea,Ghost,Nil,308,40,45,45,74,54,50
1021,0855,Polteageist,Ghost,Nil,508,60,65,65,134,114,70
1022,0856,Hatenna,Psychic,Nil,265,42,30,45,56,53,39
1023,0857,Hattrem,Psychic,Nil,370,57,40,65,86,73,49
1024,0858,Hatterene,Psychic,Fairy,510,57,90,95,136,103,29
1025,0859,Impidimp,Dark,Fairy,265,45,45,30,55,40,50
1026,0860,Morgrem,Dark,Fairy,370,65,60,45,75,55,70
1027,0861,Grimmsnarl,Dark,Fairy,510,95,120,65,95,75,60
1028,0862,Obstagoon,Dark,Normal,520,93,90,101,60,81,95
1029,0863,Perrserker,Steel,Nil,440,70,110,100,50,60,50
1030,0864,Cursola,Ghost,Nil,510,60,95,50,145,130,30
1031,0865,Sirfetch'd,Fighting,Nil,507,62,135,95,68,82,65
1032,0866,Mr. Rime,Ice,Psychic,520,80,85,75,110,100,70
1033,0867,Runerigus,Ground,Ghost,483,58,95,145,50,105,30
1034,0868,Milcery,Fairy,Nil,270,45,40,40,50,61,34
1035,0869,Alcremie,Fairy,Nil,495,65,60,75,110,121,64
1036,0870,Falinks,Fighting,Nil,470,65,100,100,70,60,75
1037,0871,Pincurchin,Electric,Nil,435,48,101,95,91,85,15
1038,0872,Snom,Ice,Bug,185,30,25,35,45,30,20
1039,0873,Frosmoth,Ice,Bug,475,70,65,60,125,90,65
1040,0874,Stonjourner,Rock,Nil,470,100,125,135,20,20,70
1041,0875,Eiscue,Ice,Nil,470,75,80,110,65,90,50
1042,0875,Eiscue,Ice,Nil,470,75,80,70,65,50,130
1043,0876,Indeedee,Psychic,Normal,475,60,65,55,105,95,95
1044,0876,Indeedee,Psychic,Normal,475,70,55,65,95,105,85
1045,0877,Morpeko,Electric,Dark,436,58,95,58,70,58,97
1046,0877,Morpeko,Electric,Dark,436,58,95,58,70,58,97
1047,0878,Cufant,Steel,Nil,330,72,80,49,40,49,40
1048,0879,Copperajah,Steel,Nil,500,122,130,69,80,69,30
1049,0880,Dracozolt,Electric,Dragon,505,90,100,90,80,70,75
1050,0881,Arctozolt,Electric,Ice,505,90,100,90,90,80,55
1051,0882,Dracovish,Water,Dragon,505,90,90,100,70,80,75
1052,0883,Arctovish,Water,Ice,505,90,90,100,80,90,55
1053,0884,Duraludon,Steel,Dragon,535,70,95,115,120,50,85
1054,0885,Dreepy,Dragon,Ghost,270,28,60,30,40,30,82
1055,0886,Drakloak,Dragon,Ghost,410,68,80,50,60,50,102
1056,0887,Dragapult,Dragon,Ghost,600,88,120,75,100,75,142
1057,0888,Zacian,Fairy,Nil,660,92,120,115,80,115,138
1058,0888,Zacian,Fairy,Steel,700,92,150,115,80,115,148
1059,0889,Zamazenta,Fighting,Nil,660,92,120,115,80,115,138
1060,0889,Zamazenta,Fighting,Steel,700,92,120,140,80,140,128
1061,0890,Eternatus,Poison,Dragon,690,140,85,95,145,95,130
1062,0890,Eternatus,Poison,Dragon,1125,255,115,250,125,250,130
1063,0891,Kubfu,Fighting,Nil,385,60,90,60,53,50,72
1064,0892,Urshifu,Fighting,Dark,550,100,130,100,63,60,97
1065,0892,Urshifu,Fighting,Water,550,100,130,100,63,60,97
1066,0893,Zarude,Dark,Grass,600,105,120,105,70,95,105
1067,0894,Regieleki,Electric,Nil,580,80,100,50,100,50,200
1068,0895,Regidrago,Dragon,Nil,580,200,100,50,100,50,80
1069,0896,Glastrier,Ice,Nil,580,100,145,130,65,110,30
1070,0897,Spectrier,Ghost,Nil,580,100,65,60,145,80,130
1071,0898,Calyrex,Psychic,Grass,500,100,80,80,80,80,80
1072,0898,Calyrex,Psychic,Ice,680,100,165,150,85,130,50
1073,0898,Calyrex,Psychic,Ghost,680,100,85,80,165,100,150
1074,0899,Wyrdeer,Normal,Psychic,525,103,105,72,105,75,65
1075,0900,Kleavor,Bug,Rock,500,70,135,95,45,70,85
1076,0901,Ursaluna,Ground,Normal,550,130,140,105,45,80,50
1077,0901,Ursaluna,Ground,Normal,555,113,70,120,135,65,52
1078,0902,Basculegion,Water,Ghost,530,120,112,65,80,75,78
1079,0902,Basculegion,Water,Ghost,530,120,92,65,100,75,78
1080,0903,Sneasler,Fighting,Poison,510,80,130,60,40,80,120
1081,0904,Overqwil,Dark,Poison,510,85,115,95,65,65,85
1082,0905,Enamorus,Fairy,Flying,580,74,115,70,135,80,106
1083,0905,Enamorus,Fairy,Flying,580,74,115,110,135,100,46
1084,0906,Sprigatito,Grass,Nil,310,40,61,54,45,45,65
1085,0907,Floragato,Grass,Nil,410,61,80,63,60,63,83
1086,0908,Meowscarada,Grass,Dark,530,76,110,70,81,70,123
1087,0909,Fuecoco,Fire,Nil,310,67,45,59,63,40,36
1088,0910,Crocalor,Fire,Nil,411,81,55,78,90,58,49
1089,0911,Skeledirge,Fire,Ghost,530,104,75,100,110,75,66
1090,0912,Quaxly,Water,Nil,310,55,65,45,50,45,50
1091,0913,Quaxwell,Water,Nil,410,70,85,65,65,60,65
1092,0914,Quaquaval,Water,Fighting,530,85,120,80,85,75,85
1093,0915,Lechonk,Normal,Nil,254,54,45,40,35,45,35
1094,0916,Oinkologne,Normal,Nil,489,110,100,75,59,80,65
1095,0916,Oinkologne,Normal,Nil,489,115,90,70,59,90,65
1096,0917,Tarountula,Bug,Nil,210,35,41,45,29,40,20
1097,0918,Spidops,Bug,Nil,404,60,79,92,52,86,35
1098,0919,Nymble,Bug,Nil,210,33,46,40,21,25,45
1099,0920,Lokix,Bug,Dark,450,71,102,78,52,55,92
1100,0921,Pawmi,Electric,Nil,240,45,50,20,40,25,60
1101,0922,Pawmo,Electric,Fighting,350,60,75,40,50,40,85
1102,0923,Pawmot,Electric,Fighting,490,70,115,70,70,60,105
1103,0924,Tandemaus,Normal,Nil,305,50,50,45,40,45,75
1104,0925,Maushold,Normal,Nil,470,74,75,70,65,75,111
1105,0925,Maushold,Normal,Nil,470,74,75,70,65,75,111
1106,0926,Fidough,Fairy,Nil,312,37,55,70,30,55,65
1107,0927,Dachsbun,Fairy,Nil,477,57,80,115,50,80,95
1108,0928,Smoliv,Grass,Normal,260,41,35,45,58,51,30
1109,0929,Dolliv,Grass,Normal,354,52,53,60,78,78,33
1110,0930,Arboliva,Grass,Normal,510,78,69,90,125,109,39
1111,0931,Squawkabilly,Normal,Flying,417,82,96,51,45,51,92
1112,0931,Squawkabilly,Normal,Flying,417,82,96,51,45,51,92
1113,0931,Squawkabilly,Normal,Flying,417,82,96,51,45,51,92
1114,0931,Squawkabilly,Normal,Flying,417,82,96,51,45,51,92
1115,0932,Nacli,Rock,Nil,280,55,55,75,35,35,25
1116,0933,Naclstack,Rock,Nil,355,60,60,100,35,65,35
1117,0934,Garganacl,Rock,Nil,500,100,100,130,45,90,35
1118,0935,Charcadet,Fire,Nil,255,40,50,40,50,40,35
1119,0936,Armarouge,Fire,Psychic,525,85,60,100,125,80,75
1120,0937,Ceruledge,Fire,Ghost,525,75,125,80,60,100,85
1121,0938,Tadbulb,Electric,Nil,272,61,31,41,59,35,45
1122,0939,Bellibolt,Electric,Nil,495,109,64,91,103,83,45
1123,0940,Wattrel,Electric,Flying,280,40,40,35,55,40,70
1124,0941,Kilowattrel,Electric,Flying,490,70,70,60,105,60,125
1125,0942,Maschiff,Dark,Nil,340,60,78,60,40,51,51
1126,0943,Mabosstiff,Dark,Nil,505,80,120,90,60,70,85
1127,0944,Shroodle,Poison,Normal,290,40,65,35,40,35,75
1128,0945,Grafaiai,Poison,Normal,485,63,95,65,80,72,110
1129,0946,Bramblin,Grass,Ghost,275,40,65,30,45,35,60
1130,0947,Brambleghast,Grass,Ghost,480,55,115,70,80,70,90
1131,0948,Toedscool,Ground,Grass,335,40,40,35,50,100,70
1132,0949,Toedscruel,Ground,Grass,515,80,70,65,80,120,100
1133,0950,Klawf,Rock,Nil,450,70,100,115,35,55,75
1134,0951,Capsakid,Grass,Nil,304,50,62,40,62,40,50
1135,0952,Scovillain,Grass,Fire,486,65,108,65,108,65,75
1136,0953,Rellor,Bug,Nil,270,41,50,60,31,58,30
1137,0954,Rabsca,Bug,Psychic,470,75,50,85,115,100,45
1138,0955,Flittle,Psychic,Nil,255,30,35,30,55,30,75
1139,0956,Espathra,Psychic,Nil,481,95,60,60,101,60,105
1140,0957,Tinkatink,Fairy,Steel,297,50,45,45,35,64,58
1141,0958,Tinkatuff,Fairy,Steel,380,65,55,55,45,82,78
1142,0959,Tinkaton,Fairy,Steel,506,85,75,77,70,105,94
1143,0960,Wiglett,Water,Nil,245,10,55,25,35,25,95
1144,0961,Wugtrio,Water,Nil,425,35,100,50,50,70,120
1145,0962,Bombirdier,Flying,Dark,485,70,103,85,60,85,82
1146,0963,Finizen,Water,Nil,315,70,45,40,45,40,75
1147,0964,Palafin,Water,Nil,457,100,70,72,53,62,100
1148,0964,Palafin,Water,Nil,650,100,160,97,106,87,100
1149,0965,Varoom,Steel,Poison,300,45,70,63,30,45,47
1150,0966,Revavroom,Steel,Poison,500,80,119,90,54,67,90
1151,0967,Cyclizar,Dragon,Normal,501,70,95,65,85,65,121
1152,0968,Orthworm,Steel,Nil,480,70,85,145,60,55,65
1153,0969,Glimmet,Rock,Poison,350,48,35,42,105,60,60
1154,0970,Glimmora,Rock,Poison,525,83,55,90,130,81,86
1155,0971,Greavard,Ghost,Nil,290,50,61,60,30,55,34
1156,0972,Houndstone,Ghost,Nil,488,72,101,100,50,97,68
1157,0973,Flamigo,Flying,Fighting,500,82,115,74,75,64,90
1158,0974,Cetoddle,Ice,Nil,334,108,68,45,30,40,43
1159,0975,Cetitan,Ice,Nil,521,170,113,65,45,55,73
1160,0976,Veluza,Water,Psychic,478,90,102,73,78,65,70
1161,0977,Dondozo,Water,Nil,530,150,100,115,65,65,35
1162,0978,Tatsugiri,Dragon,Water,475,68,50,60,120,95,82
1163,0978,Tatsugiri,Dragon,Water,475,68,50,60,120,95,82
1164,0978,Tatsugiri,Dragon,Water,475,68,50,60,120,95,82
1165,0979,Annihilape,Fighting,Ghost,535,110,115,80,50,90,90
1166,0980,Clodsire,Poison,Ground,430,130,75,60,45,100,20
1167,0981,Farigiraf,Normal,Psychic,520,120,90,70,110,70,60
1168,0982,Dudunsparce,Normal,Nil,520,125,100,80,85,75,55
1169,0982,Dudunsparce,Normal,Nil,520,125,100,80,85,75,55
1170,0983,Kingambit,Dark,Steel,550,100,135,120,60,85,50
1171,0984,Great Tusk,Ground,Fighting,570,115,131,131,53,53,87
1172,0985,Scream Tail,Fairy,Psychic,570,115,65,99,65,115,111
1173,0986,Brute Bonnet,Grass,Dark,570,111,127,99,79,99,55
1174,0987,Flutter Mane,Ghost,Fairy,570,55,55,55,135,135,135
1175,0988,Slither Wing,Bug,Fighting,570,85,135,79,85,105,81
1176,0989,Sandy Shocks,Electric,Ground,570,85,81,97,121,85,101
1177,0990,Iron Treads,Ground,Steel,570,90,112,120,72,70,106
1178,0991,Iron Bundle,Ice,Water,570,56,80,114,124,60,136
1179,0992,Iron Hands,Fighting,Electric,570,154,140,108,50,68,50
1180,0993,Iron Jugulis,Dark,Flying,570,94,80,86,122,80,108
1181,0994,Iron Moth,Fire,Poison,570,80,70,60,140,110,110
1182,0995,Iron Thorns,Rock,Electric,570,100,134,110,70,84,72
1183,0996,Frigibax,Dragon,Ice,320,65,75,45,35,45,55
1184,0997,Arctibax,Dragon,Ice,423,90,95,66,45,65,62
1185,0998,Baxcalibur,Dragon,Ice,600,115,145,92,75,86,87
1186,0999,Gimmighoul,Ghost,Nil,300,45,30,70,75,70,10
1187,0999,Gimmighoul,Ghost,Nil,300,45,30,25,75,45,80
1188,1000,Gholdengo,Steel,Ghost,550,87,60,95,133,91,84
1189,1001,Wo-Chien,Dark,Grass,570,85,85,100,95,135,70
1190,1002,Chien-Pao,Dark,Ice,570,80,120,80,90,65,135
1191,1003,Ting-Lu,Dark,Ground,570,155,110,125,55,80,45
1192,1004,Chi-Yu,Dark,Fire,570,55,80,80,135,120,100
1193,1005,Roaring Moon,Dragon,Dark,590,105,139,71,55,101,119
1194,1006,Iron Valiant,Fairy,Fighting,590,74,130,90,120,60,116
1195,1007,Koraidon,Fighting,Dragon,670,100,135,115,85,100,135
1196,1008,Miraidon,Electric,Dragon,670,100,85,100,135,115,135
1197,1009,Walking Wake,Water,Dragon,590,99,83,91,125,83,109
1198,1010,Iron Leaves,Grass,Psychic,590,90,130,88,70,108,104
1199,1011,Dipplin,Grass,Dragon,485,80,80,110,95,80,40
1200,1012,Poltchageist,Grass,Ghost,308,40,45,45,74,54,50
1201,1013,Sinistcha,Grass,Ghost,508,71,60,106,121,80,70
1202,1014,Okidogi,Poison,Fighting,555,88,128,115,58,86,80
1203,1015,Munkidori,Poison,Psychic,555,88,75,66,130,90,106
1204,1016,Fezandipiti,Poison,Fairy,555,88,91,82,70,125,99
1205,1017,Ogerpon,Grass,Nil,550,80,120,84,60,96,110
1206,1017,Ogerpon,Grass,Water,550,80,120,84,60,96,110
1207,1017,Ogerpon,Grass,Fire,550,80,120,84,60,96,110
1208,1017,Ogerpon,Grass,Rock,550,80,120,84,60,96,110
1209,1018,Archaludon,Steel,Dragon,600,90,105,130,125,65,85
1210,1019,Hydrapple,Grass,Dragon,540,106,80,110,120,80,44
1211,1020,Gouging Fire,Fire,Dragon,590,105,115,121,65,93,91
1212,1021,Raging Bolt,Electric,Dragon,590,125,73,91,137,89,75
1213,1022,Iron Boulder,Rock,Psychic,590,90,120,80,68,108,124
1214,1023,Iron Crown,Steel,Psychic,590,90,72,100,122,108,98
1215,1024,Terapagos,Normal,Nil,450,90,65,85,65,85,60
1216,1024,Terapagos,Normal,Nil,600,95,95,110,105,110,85
1217,1024,Terapagos,Normal,Nil,700,160,105,110,130,110,85
1218,1025,Pecharunt,Poison,Ghost,600,88,88,160,88,88,88
